키워드,노출여부,순위,카페명,조회수,작성일,링크
계류유산 진단서,,,,,,
화학적 유산 후 임신,,,,,,
계류유산 후 재임신,,,,,,
계류유산 후 재임신 확률,,,,,,
계류유산 후 자연임신,o,4,쇼핑지름신,723,2026-05-09,https://cafe.naver.com/shopjirmsin/11266063?art=ZXh0ZXJuYWwtc2VydmljZS1uYXZlci1zZWFyY2gtY2FmZS1wcg.eyJhbGciOiJIUzI1NiIsInR5cCI6IkpXVCJ9.eyJjYWZlVHlwZSI6IkNBRkVfVVJMIiwiY2FmZVVybCI6InNob3BqaXJtc2luIiwiYXJ0aWNsZUlkIjoxMTI2NjA2MywiaXNzdWVkQXQiOjE3ODE0MjU5MzY1Njd9.8j1NQ_GeoKSB0GslPRHOQx-eVan31vax_WMLKt3Nk9U
계류유산 후 시험관,,,,,,
계류유산 후 배란,,,,,,
계류유산 후 임테기,,,,,,
계류유산 반복,,,,,,
계류유산 두번,,,,,,
계류유산 후 운동,o,8,쇼핑지름신,,,https://cafe.naver.com/shopjirmsin/11306480?art=ZXh0ZXJuYWwtc2VydmljZS1uYXZlci1zZWFyY2gtY2FmZS1wcg.eyJhbGciOiJIUzI1NiIsInR5cCI6IkpXVCJ9.eyJjYWZlVHlwZSI6IkNBRkVfVVJMIiwiY2FmZVVybCI6InNob3BqaXJtc2luIiwiYXJ0aWNsZUlkIjoxMTMwNjQ4MCwiaXNzdWVkQXQiOjE3ODE0MjU5NDc1MTV9.ZSw0KAks1XvkRRa-tLNnp_ViRu-81hQBLVzJLbYWyIY
계류유산 후 몸조리,,,,,,
계류유산 후 부부관계,,,,,,
부부 염색체 검사 비용,,,,,,
습관성 유산 검사,,,,,,
자궁근종 임신,,,,,,
자궁내막증 임신,,,,,,
자궁선근증 임신,,,,,,
갑상선 난임,,,,,,
임신이 안되는 이유,,,,,,
자궁내막 얇음 임신,,,,,,
다낭성난소 임신,,,,,,
원인불명 난임,,,,,,
임신 잘되는 체질,,,,,,
시험관 채취 후 통증,,,,,,
시험관 이식 후 출혈,,,,,,
시험관 임테기 진하기,,,,,,
시험관 베타 수치,,,,,,
시험관 준비기간,,,,,,
시험관 몸관리,,,,,,
시험관 이식 후 일상생활,,,,,,
시험관 중 운동,,,,,,
시험관 1차 실패,,,,,,
시험관 반복 실패,,,,,,
40대 시험관 성공,,,,,,
산후 다이어트 언제부터,,,,,,
산후 요실금,,,,,,
산후 케겔운동,,,,,,
제왕절개 흉터 관리,o,8,쇼핑지름신,,,https://cafe.naver.com/shopjirmsin/11295072?art=ZXh0ZXJuYWwtc2VydmljZS1uYXZlci1zZWFyY2gtY2FmZS1wcg.eyJhbGciOiJIUzI1NiIsInR5cCI6IkpXVCJ9.eyJjYWZlVHlwZSI6IkNBRkVfVVJMIiwiY2FmZVVybCI6InNob3BqaXJtc2luIiwiYXJ0aWNsZUlkIjoxMTI5NTA3MiwiaXNzdWVkQXQiOjE3ODE0MjYwMTQxMDJ9.zW2da_NqNY0lBFk7q7o2ndJ_kUSnta1P5QF5PKdlVMY
제왕절개 회복기간,,,,,,
자연분만 회복기간,,,,,,
산후 붓기,,,,,,
산후 탈모,,,,,,
산후 빈혈,,,,,,
산후 관절통,,,,,,
산후 골반통,,,,,,
산후 허리통증,,,,,,
산후 손목 통증,o,3,쇼핑지름신,,,https://cafe.naver.com/shopjirmsin/11296697?art=ZXh0ZXJuYWwtc2VydmljZS1uYXZlci1zZWFyY2gtY2FmZS1wcg.eyJhbGciOiJIUzI1NiIsInR5cCI6IkpXVCJ9.eyJjYWZlVHlwZSI6IkNBRkVfVVJMIiwiY2FmZVVybCI6InNob3BqaXJtc2luIiwiYXJ0aWNsZUlkIjoxMTI5NjY5NywiaXNzdWVkQXQiOjE3ODE0MjYwMzAwODF9.C_Pxpz219ljzScQ5WcT2lL7Xv6emG6Z2k7raRYXfLOY
산후 무릎 시림,,,,,,
산후 두통,,,,,,
산후 변비,,,,,,
산후 오로,,,,,,
산후 생리,,,,,,
출산 후 땀,,,,,,
친정 산후조리,,,,,,
시댁 산후조리,,,,,,
산후 미역국 언제까지,,,,,,
산후 도우미 정부지원,,,,,,
20대 조기폐경 증상,,,,,,
30대 조기폐경,,,,,,
40대 임신 확률,o,12,샤넬오픈런,,,https://cafe.naver.com/shoppingtpw/297016?art=ZXh0ZXJuYWwtc2VydmljZS1uYXZlci1zZWFyY2gtY2FmZS1wcg.eyJhbGciOiJIUzI1NiIsInR5cCI6IkpXVCJ9.eyJjYWZlVHlwZSI6IkNBRkVfVVJMIiwiY2FmZVVybCI6InNob3BwaW5ndHB3IiwiYXJ0aWNsZUlkIjoyOTcwMTYsImlzc3VlZEF0IjoxNzgxNDI2MDU0MTYyfQ.EUWxvdNXWbaWM7dh5TmO2SPSEYy76h50tY-U36BcuRQ
40대 자연임신 가능성,o,4 | 5,쇼핑지름신,,,https://cafe.naver.com/shopjirmsin/11178562?art=ZXh0ZXJuYWwtc2VydmljZS1uYXZlci1zZWFyY2gtY2FmZS1wcg.eyJhbGciOiJIUzI1NiIsInR5cCI6IkpXVCJ9.eyJjYWZlVHlwZSI6IkNBRkVfVVJMIiwiY2FmZVVybCI6InNob3BqaXJtc2luIiwiYXJ0aWNsZUlkIjoxMTE3ODU2MiwiaXNzdWVkQXQiOjE3ODE0MjYwNTU5MjR9.vXaOfX95Sq9YdROWQOeR3vTyhACzEfrrvnrryRcuJ-8 | https://cafe.naver.com/shopjirmsin/11246272?art=ZXh0ZXJuYWwtc2VydmljZS1uYXZlci1zZWFyY2gtY2FmZS1wcg.eyJhbGciOiJIUzI1NiIsInR5cCI6IkpXVCJ9.eyJjYWZlVHlwZSI6IkNBRkVfVVJMIiwiY2FmZVVybCI6InNob3BqaXJtc2luIiwiYXJ0aWNsZUlkIjoxMTI0NjI3MiwiaXNzdWVkQXQiOjE3ODE0MjYwNTU5MjR9.oHU6eX7V2CbsoHxEu1eg6bIE_M8QuMNY7yoo4Nk2kXc
40대 중반 임신 확률,o,8,샤넬오픈런,,,https://cafe.naver.com/shoppingtpw/297016?art=ZXh0ZXJuYWwtc2VydmljZS1uYXZlci1zZWFyY2gtY2FmZS1wcg.eyJhbGciOiJIUzI1NiIsInR5cCI6IkpXVCJ9.eyJjYWZlVHlwZSI6IkNBRkVfVVJMIiwiY2FmZVVybCI6InNob3BwaW5ndHB3IiwiYXJ0aWNsZUlkIjoyOTcwMTYsImlzc3VlZEF0IjoxNzgxNDI2MDU3ODkzfQ.z6Jgv2zvMrw5LXrZSzKTYgSVViEsff28hwDI2EQntZs
40대 출산,,,,,,
40살 임신 확률,o,5,샤넬오픈런,,,https://cafe.naver.com/shoppingtpw/283309?art=ZXh0ZXJuYWwtc2VydmljZS1uYXZlci1zZWFyY2gtY2FmZS1wcg.eyJhbGciOiJIUzI1NiIsInR5cCI6IkpXVCJ9.eyJjYWZlVHlwZSI6IkNBRkVfVVJMIiwiY2FmZVVybCI6InNob3BwaW5ndHB3IiwiYXJ0aWNsZUlkIjoyODMzMDksImlzc3VlZEF0IjoxNzgxNDI2MDYxMDI2fQ.aqQG4htPVQgkIf2W_Vq3zg-IgGh-yFtIj_bBafn_5tM
40세 임신 가능성,,,,,,
41세 임신 가능성,o,3,쇼핑지름신,,,https://cafe.naver.com/shopjirmsin/11152108?art=ZXh0ZXJuYWwtc2VydmljZS1uYXZlci1zZWFyY2gtY2FmZS1wcg.eyJhbGciOiJIUzI1NiIsInR5cCI6IkpXVCJ9.eyJjYWZlVHlwZSI6IkNBRkVfVVJMIiwiY2FmZVVybCI6InNob3BqaXJtc2luIiwiYXJ0aWNsZUlkIjoxMTE1MjEwOCwiaXNzdWVkQXQiOjE3ODE0MjYwNjQ0OTh9.xcR0V9subiA8rkxk_OVH1MGblTfkiauaMW-PfqnrS-M
41세 임신 확률,o,4 | 5,쇼핑지름신,60,2026-03-11,https://cafe.naver.com/shopjirmsin/11152108?art=ZXh0ZXJuYWwtc2VydmljZS1uYXZlci1zZWFyY2gtY2FmZS1wcg.eyJhbGciOiJIUzI1NiIsInR5cCI6IkpXVCJ9.eyJjYWZlVHlwZSI6IkNBRkVfVVJMIiwiY2FmZVVybCI6InNob3BqaXJtc2luIiwiYXJ0aWNsZUlkIjoxMTE1MjEwOCwiaXNzdWVkQXQiOjE3ODE0MjYwNjU3MjB9.8vrFCNDTHOyUaYCBvmtKhrtzzfxR_c_jUf5m1ytD2DQ | https://cafe.naver.com/shopjirmsin/11123625?art=ZXh0ZXJuYWwtc2VydmljZS1uYXZlci1zZWFyY2gtY2FmZS1wcg.eyJhbGciOiJIUzI1NiIsInR5cCI6IkpXVCJ9.eyJjYWZlVHlwZSI6IkNBRkVfVVJMIiwiY2FmZVVybCI6InNob3BqaXJtc2luIiwiYXJ0aWNsZUlkIjoxMTEyMzYyNSwiaXNzdWVkQXQiOjE3ODE0MjYwNjU3MjB9.hjJ2X7D2HwutPVMcHjYESZEdp7phbytef0lM6WKV6qw
42세 임신 가능성,,,,,,
45살 임신 확률,o,3 | 4,샤넬오픈런 | 쇼핑지름신,365,2026-03-15,https://cafe.naver.com/shoppingtpw/282938?art=ZXh0ZXJuYWwtc2VydmljZS1uYXZlci1zZWFyY2gtY2FmZS1wcg.eyJhbGciOiJIUzI1NiIsInR5cCI6IkpXVCJ9.eyJjYWZlVHlwZSI6IkNBRkVfVVJMIiwiY2FmZVVybCI6InNob3BwaW5ndHB3IiwiYXJ0aWNsZUlkIjoyODI5MzgsImlzc3VlZEF0IjoxNzgxNDI2MDY5MjEzfQ.3zoPkAfcAMrnK91Gh2Eh7xQ7PRc7doApj3575oo1epI | https://cafe.naver.com/shopjirmsin/11132590?art=ZXh0ZXJuYWwtc2VydmljZS1uYXZlci1zZWFyY2gtY2FmZS1wcg.eyJhbGciOiJIUzI1NiIsInR5cCI6IkpXVCJ9.eyJjYWZlVHlwZSI6IkNBRkVfVVJMIiwiY2FmZVVybCI6InNob3BqaXJtc2luIiwiYXJ0aWNsZUlkIjoxMTEzMjU5MCwiaXNzdWVkQXQiOjE3ODE0MjYwNjkyMTN9.9vrhvnY7bkLVqTnR4zT2OLX6zvVUeNxCMzsPZJr2Iu4
45세 임신,,,,,,
45세 임신 확률,,,,,,
45세 임신확률,,,,,,
47세 자연임신,,,,,,
50살 임신,,,,,,
50세 임신,o,3,샤넬오픈런,,,https://cafe.naver.com/shoppingtpw/282280?art=ZXh0ZXJuYWwtc2VydmljZS1uYXZlci1zZWFyY2gtY2FmZS1wcg.eyJhbGciOiJIUzI1NiIsInR5cCI6IkpXVCJ9.eyJjYWZlVHlwZSI6IkNBRkVfVVJMIiwiY2FmZVVybCI6InNob3BwaW5ndHB3IiwiYXJ0aWNsZUlkIjoyODIyODAsImlzc3VlZEF0IjoxNzgxNDI2MDc5NzMzfQ.gVARLkcDaubZ9jwQlKT3dPvkoZl9ReaL2nkqk92agFA
50세 출산,,,,,,
53세 임신,o,1,쇼핑지름신,263,2026-03-19,https://cafe.naver.com/shopjirmsin/11143147?art=ZXh0ZXJuYWwtc2VydmljZS1uYXZlci1zZWFyY2gtY2FmZS1wcg.eyJhbGciOiJIUzI1NiIsInR5cCI6IkpXVCJ9.eyJjYWZlVHlwZSI6IkNBRkVfVVJMIiwiY2FmZVVybCI6InNob3BqaXJtc2luIiwiYXJ0aWNsZUlkIjoxMTE0MzE0NywiaXNzdWVkQXQiOjE3ODE0MjYwODMwMzJ9.9woOjGxUeLbynvyKpEnOSsAWSNh9QnBQOfxgUHh70Q4
5일배양 피검사,,,,,,
6주 계류유산 증상,,,,,,
7주 계류유산 증상,,,,,,
8주 계류유산,,,,,,
가임력 검사,,,,,,
갈근탕 효능,o,1,쇼핑지름신,183,2026-05-07,https://cafe.naver.com/shopjirmsin/11261282?art=ZXh0ZXJuYWwtc2VydmljZS1uYXZlci1zZWFyY2gtY2FmZS1wcg.eyJhbGciOiJIUzI1NiIsInR5cCI6IkpXVCJ9.eyJjYWZlVHlwZSI6IkNBRkVfVVJMIiwiY2FmZVVybCI6InNob3BqaXJtc2luIiwiYXJ0aWNsZUlkIjoxMTI2MTI4MiwiaXNzdWVkQXQiOjE3ODE0MjYwOTM0MTF9.wp-FHO_9O8kRNQb7OcyjtLuBH41Wp9sVSzgOcPIXUao
갈근탕 효능 부작용,o,1,쇼핑지름신,669,2026-04-24,https://cafe.naver.com/shopjirmsin/11230592?art=ZXh0ZXJuYWwtc2VydmljZS1uYXZlci1zZWFyY2gtY2FmZS1wcg.eyJhbGciOiJIUzI1NiIsInR5cCI6IkpXVCJ9.eyJjYWZlVHlwZSI6IkNBRkVfVVJMIiwiY2FmZVVybCI6InNob3BqaXJtc2luIiwiYXJ0aWNsZUlkIjoxMTIzMDU5MiwiaXNzdWVkQXQiOjE3ODE0MjYwOTU1MDl9.Zii9I0sL1T5o6ORnr34zoYWuqBS-6LW-lBqi6l5ccEY
감마리놀렌산,,,,,,
강남여성의원,,,,,,
강북 산부인과,,,,,,
강북 산후조리원,,,,,,
강북구 산후조리원,,,,,,
강서 산후조리원,,,,,,
강서구 산후도우미,,,,,,
갱년기 병원,,,,,,
갱년기 산부인과 치료,,,,,,
갱년기 안면홍조,o,4,쇼핑지름신,90,2026-06-03,https://cafe.naver.com/shopjirmsin/11326061?art=ZXh0ZXJuYWwtc2VydmljZS1uYXZlci1zZWFyY2gtY2FmZS1wcg.eyJhbGciOiJIUzI1NiIsInR5cCI6IkpXVCJ9.eyJjYWZlVHlwZSI6IkNBRkVfVVJMIiwiY2FmZVVybCI6InNob3BqaXJtc2luIiwiYXJ0aWNsZUlkIjoxMTMyNjA2MSwiaXNzdWVkQXQiOjE3ODE0MjYxMTgxMjN9.AQvaXV7lSt3Ang3GV7fVkD2uL2DVBOYkHehQ4437XrA
갱년기 오한,,,,,,
갱년기 체온 관리,o,1,쇼핑지름신,107,2026-06-09,https://cafe.naver.com/shopjirmsin/11338757?art=ZXh0ZXJuYWwtc2VydmljZS1uYXZlci1zZWFyY2gtY2FmZS1wcg.eyJhbGciOiJIUzI1NiIsInR5cCI6IkpXVCJ9.eyJjYWZlVHlwZSI6IkNBRkVfVVJMIiwiY2FmZVVybCI6InNob3BqaXJtc2luIiwiYXJ0aWNsZUlkIjoxMTMzODc1NywiaXNzdWVkQXQiOjE3ODE0MjYxMjM1MDB9.bnj_LViB5H0jSYr8JAijCXSy16_GtxiGpRWkHjgpsHY
갱년기 추위,,,,,,
갱년기 치료 약,o,3 | 4,샤넬오픈런 | 쇼핑지름신,40,2026-06-08,https://cafe.naver.com/shoppingtpw/298434?art=ZXh0ZXJuYWwtc2VydmljZS1uYXZlci1zZWFyY2gtY2FmZS1wcg.eyJhbGciOiJIUzI1NiIsInR5cCI6IkpXVCJ9.eyJjYWZlVHlwZSI6IkNBRkVfVVJMIiwiY2FmZVVybCI6InNob3BwaW5ndHB3IiwiYXJ0aWNsZUlkIjoyOTg0MzQsImlzc3VlZEF0IjoxNzgxNDI2MTI3MDIzfQ.o9JzFeMgcrxor8DiTFlonACdTOTWDS0jsUEWZ6V7t38 | https://cafe.naver.com/shopjirmsin/11336901?art=ZXh0ZXJuYWwtc2VydmljZS1uYXZlci1zZWFyY2gtY2FmZS1wcg.eyJhbGciOiJIUzI1NiIsInR5cCI6IkpXVCJ9.eyJjYWZlVHlwZSI6IkNBRkVfVVJMIiwiY2FmZVVybCI6InNob3BqaXJtc2luIiwiYXJ0aWNsZUlkIjoxMTMzNjkwMSwiaXNzdWVkQXQiOjE3ODE0MjYxMjcwMjN9.CKvYDIFS8ynhtTplZFNmhZkd1e3WC2KGF6axYbM9V-w
갱년기 클리닉,,,,,,
갱년기 호르몬 치료,,,,,,
갱년기 호르몬치료,,,,,,
갱년기치료제,o,3,쇼핑지름신,40,2026-06-08,https://cafe.naver.com/shopjirmsin/11336901?art=ZXh0ZXJuYWwtc2VydmljZS1uYXZlci1zZWFyY2gtY2FmZS1wcg.eyJhbGciOiJIUzI1NiIsInR5cCI6IkpXVCJ9.eyJjYWZlVHlwZSI6IkNBRkVfVVJMIiwiY2FmZVVybCI6InNob3BqaXJtc2luIiwiYXJ0aWNsZUlkIjoxMTMzNjkwMSwiaXNzdWVkQXQiOjE3ODE0MjYxMzQ5MzJ9.m4QIxvOGf-Hy2nnavj20yPLEVcjjJP8DVs-X1xVe0Qg
거제난임병원,,,,,,
경주 대추밭한의원,,,,,,
경주 한의원 난임,,,,,,
경주밭백한의원,,,,,,
계류유산,,,,,,
계류유산 원인,o,3,쇼핑지름신,,,https://cafe.naver.com/shopjirmsin/11291397?art=ZXh0ZXJuYWwtc2VydmljZS1uYXZlci1zZWFyY2gtY2FmZS1wcg.eyJhbGciOiJIUzI1NiIsInR5cCI6IkpXVCJ9.eyJjYWZlVHlwZSI6IkNBRkVfVVJMIiwiY2FmZVVybCI6InNob3BqaXJtc2luIiwiYXJ0aWNsZUlkIjoxMTI5MTM5NywiaXNzdWVkQXQiOjE3ODE0MjYxNDY2NjV9.3bkbK_KAqnGJgbJPJ7SCZ1RskDd-5ak8eI35ULcbZb0
계류유산 자연배출,,,,,,
계류유산 증상,,,,,,
계양구 난임병원,,,,,,
고양 산후조리원,,,,,,
고함량 알부민,,,,,,
골다공증 주사 부작용,,,,,,
골다공증 주사 효과,,,,,,
공무원 난임휴직,,,,,,
과배란주사,,,,,,
과천 난임병원,o,1,쇼핑지름신,34,2026-03-29,https://cafe.naver.com/shopjirmsin/11167008?art=ZXh0ZXJuYWwtc2VydmljZS1uYXZlci1zZWFyY2gtY2FmZS1wcg.eyJhbGciOiJIUzI1NiIsInR5cCI6IkpXVCJ9.eyJjYWZlVHlwZSI6IkNBRkVfVVJMIiwiY2FmZVVybCI6InNob3BqaXJtc2luIiwiYXJ0aWNsZUlkIjoxMTE2NzAwOCwiaXNzdWVkQXQiOjE3ODE0MjYxNjg3MTV9.QY2Mpav7XHtJLlo9O2qztInw9537Drh_WWdY9Lis7s0
관계 후 착상 시기,,,,,,
관계 후 착상혈,,,,,,
관계후 착상시기,,,,,,
관계후 착상혈,,,,,,
관절엔 콘드로이친1200,,,,,,
광교 산후조리원,,,,,,
광명 난임병원,,,,,,
광주 난임병원,,,,,,
광주 산후도우미,,,,,,
교대 산부인과,,,,,,
구수한맛 밸런스업,o,1,쇼핑지름신,11,2026-04-19,https://cafe.naver.com/shopjirmsin/11218854?art=ZXh0ZXJuYWwtc2VydmljZS1uYXZlci1zZWFyY2gtY2FmZS1wcg.eyJhbGciOiJIUzI1NiIsInR5cCI6IkpXVCJ9.eyJjYWZlVHlwZSI6IkNBRkVfVVJMIiwiY2FmZVVybCI6InNob3BqaXJtc2luIiwiYXJ0aWNsZUlkIjoxMTIxODg1NCwiaXNzdWVkQXQiOjE3ODE0MjYyNTg5NDV9.m3P5SALiqXjF5t51IyM85Cnj5ZTZl4EqFZ7dyuMOBS8
구월동 산부인과,o,2,쇼핑지름신,122,2026-03-28,https://cafe.naver.com/shopjirmsin/11165114?art=ZXh0ZXJuYWwtc2VydmljZS1uYXZlci1zZWFyY2gtY2FmZS1wcg.eyJhbGciOiJIUzI1NiIsInR5cCI6IkpXVCJ9.eyJjYWZlVHlwZSI6IkNBRkVfVVJMIiwiY2FmZVVybCI6InNob3BqaXJtc2luIiwiYXJ0aWNsZUlkIjoxMTE2NTExNCwiaXNzdWVkQXQiOjE3ODE0MjYyNjEyNjF9.h1Zf5F2ygDcDeGtDi4gbPKiVW58zAw0GVa2XY7JCems
군포 산부인과,,,,,,
기관지염 가래,,,,,,
기력없을때,,,,,,
기흥구 산부인과 조리원,,,,,,
김포 산부인과,,,,,,
나팔관조영술,,,,,,
나팔관조영술 실비,,,,,,
나팔관조영술 통증,,,,,,
나팔관조영술 후 관리,,,,,,
난소기능저하 식단,,,,,,
난소나이,,,,,,
난소나이 40대 임신,,,,,,
난소나이 관리,,,,,,
난소나이검사 방법,,,,,,
난소나이검사 수치 평균,,,,,,
난소나이검사 지원금,o,6,샤넬오픈런,,,https://cafe.naver.com/shoppingtpw/299519?art=ZXh0ZXJuYWwtc2VydmljZS1uYXZlci1zZWFyY2gtY2FmZS1wcg.eyJhbGciOiJIUzI1NiIsInR5cCI6IkpXVCJ9.eyJjYWZlVHlwZSI6IkNBRkVfVVJMIiwiY2FmZVVybCI6InNob3BwaW5ndHB3IiwiYXJ0aWNsZUlkIjoyOTk1MTksImlzc3VlZEF0IjoxNzgxNDI2MzEwNTgxfQ.uh1Uoz5TJb3cMQlIwh1e3CF9K7JAZjLsJ-12AOKGqzw
난임검사 시점,,,,,,
난임검사 지원,,,,,,
난임병원,,,,,,
난임부부 시술비,,,,,,
난임시술비 지원,,,,,,
난임지원금 신청,,,,,,
난임지원비,,,,,,
난임치료휴가,,,,,,
난임휴가,,,,,,
난임휴직 급여,,,,,,
난자채취 5개,,,,,,
난자채취 후,,,,,,
남구 산후조리원,,,,,,
남자 노산 나이,o,2,샤넬오픈런,,,https://cafe.naver.com/shoppingtpw/282948?art=ZXh0ZXJuYWwtc2VydmljZS1uYXZlci1zZWFyY2gtY2FmZS1wcg.eyJhbGciOiJIUzI1NiIsInR5cCI6IkpXVCJ9.eyJjYWZlVHlwZSI6IkNBRkVfVVJMIiwiY2FmZVVybCI6InNob3BwaW5ndHB3IiwiYXJ0aWNsZUlkIjoyODI5NDgsImlzc3VlZEF0IjoxNzgxNDI2MzQwNjQ0fQ.Npu929LodrQ-zLSz7I19JM6CE4g70WBStVe7cCv68Zc
남자 산전검사,,,,,,
남자 임신 준비,,,,,,
남자임신준비,,,,,,
남편 산전검사,,,,,,
노산 검사 항목,o,3,쇼핑지름신,123,2026-03-14,https://cafe.naver.com/shopjirmsin/11130152?art=ZXh0ZXJuYWwtc2VydmljZS1uYXZlci1zZWFyY2gtY2FmZS1wcg.eyJhbGciOiJIUzI1NiIsInR5cCI6IkpXVCJ9.eyJjYWZlVHlwZSI6IkNBRkVfVVJMIiwiY2FmZVVybCI6InNob3BqaXJtc2luIiwiYXJ0aWNsZUlkIjoxMTEzMDE1MiwiaXNzdWVkQXQiOjE3ODE0MjYzNDkxMDV9.u-Xgo8Rfs8r2tw4SltEM-X0vEzFZXRdlilOYXkK_kXs
노산 기형아 예방,o,3,샤넬오픈런,,,https://cafe.naver.com/shoppingtpw/283339?art=ZXh0ZXJuYWwtc2VydmljZS1uYXZlci1zZWFyY2gtY2FmZS1wcg.eyJhbGciOiJIUzI1NiIsInR5cCI6IkpXVCJ9.eyJjYWZlVHlwZSI6IkNBRkVfVVJMIiwiY2FmZVVybCI6InNob3BwaW5ndHB3IiwiYXJ0aWNsZUlkIjoyODMzMzksImlzc3VlZEF0IjoxNzgxNDI2MzUwNjU1fQ.hEuelhM2V_Ffw7PX_P09XlHzrKWvQDOqrBbrm7DsMnA
노산 나이,,,,,,
논산 산부인과,,,,,,
니프티검사,,,,,,
다낭성난소증후군,,,,,,
닥터린 하이퍼셀 대마종자유,,,,,,
닥터PS 맥스,,,,,,
달성군 산후도우미,o,3,쇼핑지름신,103,2026-03-29,https://cafe.naver.com/shopjirmsin/11166985?art=ZXh0ZXJuYWwtc2VydmljZS1uYXZlci1zZWFyY2gtY2FmZS1wcg.eyJhbGciOiJIUzI1NiIsInR5cCI6IkpXVCJ9.eyJjYWZlVHlwZSI6IkNBRkVfVVJMIiwiY2FmZVVybCI6InNob3BqaXJtc2luIiwiYXJ0aWNsZUlkIjoxMTE2Njk4NSwiaXNzdWVkQXQiOjE3ODE0MjYzNjIwNTB9.E6o-NJftfwQ6TYcyk5v0EjMaGDP6PU9ZFfXAhlTCzaI
담백한 베지밀A 검은콩두유,o,1,쇼핑지름신,158,2026-04-09,https://cafe.naver.com/shopjirmsin/11194670?art=ZXh0ZXJuYWwtc2VydmljZS1uYXZlci1zZWFyY2gtY2FmZS1wcg.eyJhbGciOiJIUzI1NiIsInR5cCI6IkpXVCJ9.eyJjYWZlVHlwZSI6IkNBRkVfVVJMIiwiY2FmZVVybCI6InNob3BqaXJtc2luIiwiYXJ0aWNsZUlkIjoxMTE5NDY3MCwiaXNzdWVkQXQiOjE3ODE0MjYzNjM3NzN9.Pf0us9Ttffv2mmhKAZHY12-5tzaRAALf48qVEU9tjUA
대구 산후조리원,,,,,,
대구산부인과,,,,,,
대웅제약 에너씨슬,,,,,,
대원제약 혈당파이터,o,1,쇼핑지름신,183,2026-04-09,https://cafe.naver.com/shopjirmsin/11194131?art=ZXh0ZXJuYWwtc2VydmljZS1uYXZlci1zZWFyY2gtY2FmZS1wcg.eyJhbGciOiJIUzI1NiIsInR5cCI6IkpXVCJ9.eyJjYWZlVHlwZSI6IkNBRkVfVVJMIiwiY2FmZVVybCI6InNob3BqaXJtc2luIiwiYXJ0aWNsZUlkIjoxMTE5NDEzMSwiaXNzdWVkQXQiOjE3ODE0MjYzNzA3Mjl9.gHPwVp-p4BDG04XDYbLoguTymofmvnNS6VZHJYpKVdM
대전 산후조리원,,,,,,
대추밭백한의원 실패 확률,,,,,,
독박육아 우울,,,,,,
동결 자연주기,o,7,샤넬오픈런,,,https://cafe.naver.com/shoppingtpw/303061?art=ZXh0ZXJuYWwtc2VydmljZS1uYXZlci1zZWFyY2gtY2FmZS1wcg.eyJhbGciOiJIUzI1NiIsInR5cCI6IkpXVCJ9.eyJjYWZlVHlwZSI6IkNBRkVfVVJMIiwiY2FmZVVybCI6InNob3BwaW5ndHB3IiwiYXJ0aWNsZUlkIjozMDMwNjEsImlzc3VlZEF0IjoxNzgxNDI2Mzc3ODAzfQ.YYu4l36_pmWNDtnwhJdJr8GjYqi_hQ2ajWPS6SF92KM
동결배아 이식 전 식단,,,,,,
동작산부인과,,,,,,
두뇌엔 닥터PS 맥스,o,2,샤넬오픈런,,,https://cafe.naver.com/shoppingtpw/290451?art=ZXh0ZXJuYWwtc2VydmljZS1uYXZlci1zZWFyY2gtY2FmZS1wcg.eyJhbGciOiJIUzI1NiIsInR5cCI6IkpXVCJ9.eyJjYWZlVHlwZSI6IkNBRkVfVVJMIiwiY2FmZVVybCI6InNob3BwaW5ndHB3IiwiYXJ0aWNsZUlkIjoyOTA0NTEsImlzc3VlZEF0IjoxNzgxNDI2MzgzNDA5fQ.smkeEzMxz4_8bYWfT9ghRd5jckwbw9kaN0P297izHtU
둘째임신,,,,,,
딸 낳는법,o,7,쇼핑지름신,,,https://cafe.naver.com/shopjirmsin/11281881?art=ZXh0ZXJuYWwtc2VydmljZS1uYXZlci1zZWFyY2gtY2FmZS1wcg.eyJhbGciOiJIUzI1NiIsInR5cCI6IkpXVCJ9.eyJjYWZlVHlwZSI6IkNBRkVfVVJMIiwiY2FmZVVybCI6InNob3BqaXJtc2luIiwiYXJ0aWNsZUlkIjoxMTI4MTg4MSwiaXNzdWVkQXQiOjE3ODE0MjYzODY4NDl9.fX6b5m0RE-U4GOJIRbKcrwitnG76wVL3Foj-9boa8P4
라엠산부인과,,,,,,
레티놀 A,,,,,,
마이코플라즈마,,,,,,
마이타민,,,,,,
만성피로,,,,,,
만성피로 원인,,,,,,
만성피로증후군,,,,,,
맘모톰수술비용,,,,,,
맘모툼 실비 청구,,,,,,
면역력높이는방법,,,,,,
몸을 따뜻하게 해주는 것들,,,,,,
미녀의 석류 콜라겐,o,1 | 2,쇼핑지름신 | 샤넬오픈런,93,2026-04-19,https://cafe.naver.com/shopjirmsin/11218734?art=ZXh0ZXJuYWwtc2VydmljZS1uYXZlci1zZWFyY2gtY2FmZS1wcg.eyJhbGciOiJIUzI1NiIsInR5cCI6IkpXVCJ9.eyJjYWZlVHlwZSI6IkNBRkVfVVJMIiwiY2FmZVVybCI6InNob3BqaXJtc2luIiwiYXJ0aWNsZUlkIjoxMTIxODczNCwiaXNzdWVkQXQiOjE3ODE0MjY0MDg2MjV9.vObqBjktr-URor7RJgVjlRYcfHX0zBu7-ltaojQyDps | https://cafe.naver.com/shoppingtpw/293681?art=ZXh0ZXJuYWwtc2VydmljZS1uYXZlci1zZWFyY2gtY2FmZS1wcg.eyJhbGciOiJIUzI1NiIsInR5cCI6IkpXVCJ9.eyJjYWZlVHlwZSI6IkNBRkVfVVJMIiwiY2FmZVVybCI6InNob3BwaW5ndHB3IiwiYXJ0aWNsZUlkIjoyOTM2ODEsImlzc3VlZEF0IjoxNzgxNDI2NDA4NjI1fQ.o-m85uT-ernH4-jy7rrek7mB5LyCDBp4zI2O1vE_mFE
미추홀구산부인과,,,,,,
반착검사 비용,o,4,쇼핑지름신,140,2026-05-17,https://cafe.naver.com/shopjirmsin/11285703?art=ZXh0ZXJuYWwtc2VydmljZS1uYXZlci1zZWFyY2gtY2FmZS1wcg.eyJhbGciOiJIUzI1NiIsInR5cCI6IkpXVCJ9.eyJjYWZlVHlwZSI6IkNBRkVfVVJMIiwiY2FmZVVybCI6InNob3BqaXJtc2luIiwiYXJ0aWNsZUlkIjoxMTI4NTcwMywiaXNzdWVkQXQiOjE3ODE0MjY0MTIyNTh9.ca7zNfuPMaKubo5EN5aFHA6WYjppmlmNM4YFFXDhPV8
밥 안먹는 아이,,,,,,
배란기 몸무게 증가,,,,,,
배란기 임신확률,,,,,,
배란기 증후군,,,,,,
배란유도제 약 부작용,o,8,쇼핑지름신,,,https://cafe.naver.com/shopjirmsin/11269697?art=ZXh0ZXJuYWwtc2VydmljZS1uYXZlci1zZWFyY2gtY2FmZS1wcg.eyJhbGciOiJIUzI1NiIsInR5cCI6IkpXVCJ9.eyJjYWZlVHlwZSI6IkNBRkVfVVJMIiwiY2FmZVVybCI6InNob3BqaXJtc2luIiwiYXJ0aWNsZUlkIjoxMTI2OTY5NywiaXNzdWVkQXQiOjE3ODE0MjY0MjI1NzN9.X4CbfgAbqyj264h28hKiQIjfZxGknI-lM5uYknLVzfA
배란일 임신 확률,,,,,,
배란일 임신가능성,,,,,,
배란테스트기,,,,,,
배란통,,,,,,
베지밀,,,,,,
보건소 난소나이검사,o,9,쇼핑지름신,,,https://cafe.naver.com/shopjirmsin/11181028?art=ZXh0ZXJuYWwtc2VydmljZS1uYXZlci1zZWFyY2gtY2FmZS1wcg.eyJhbGciOiJIUzI1NiIsInR5cCI6IkpXVCJ9.eyJjYWZlVHlwZSI6IkNBRkVfVVJMIiwiY2FmZVVybCI6InNob3BqaXJtc2luIiwiYXJ0aWNsZUlkIjoxMTE4MTAyOCwiaXNzdWVkQXQiOjE3ODE0MjY0MzQxMzF9.8iyjvaB0EntfLhhkkwjC5lJWRUkBb2QDKDZQEfv4_cA
보건소 임신사전검사,,,,,,
부평 산후조리원,,,,,,
분당차병원 난임센터,,,,,,
비너지 대마종자유,,,,,,
비에날 씬 프로,,,,,,
뼈엔 엠비피 MBP,,,,,,
사하구 산부인과,o,3,건강한노후준비,17,2026-04-29,https://cafe.naver.com/freemapleafreecabj/31389?art=ZXh0ZXJuYWwtc2VydmljZS1uYXZlci1zZWFyY2gtY2FmZS1wcg.eyJhbGciOiJIUzI1NiIsInR5cCI6IkpXVCJ9.eyJjYWZlVHlwZSI6IkNBRkVfVVJMIiwiY2FmZVVybCI6ImZyZWVtYXBsZWFmcmVlY2FiaiIsImFydGljbGVJZCI6MzEzODksImlzc3VlZEF0IjoxNzgxNDI2NDQ1ODY0fQ.okPxwxdRakE7vYaDtPlduksAxtgnZx8eu0kPPQOUEbg
산전검사,,,,,,
산전검사 남자,,,,,,
산전검사 비용,,,,,,
산전검사 시간,,,,,,
산전검사 항목,,,,,,
산후 손목 통증 관리,o,5,쇼핑지름신,,,https://cafe.naver.com/shopjirmsin/11296697?art=ZXh0ZXJuYWwtc2VydmljZS1uYXZlci1zZWFyY2gtY2FmZS1wcg.eyJhbGciOiJIUzI1NiIsInR5cCI6IkpXVCJ9.eyJjYWZlVHlwZSI6IkNBRkVfVVJMIiwiY2FmZVVybCI6InNob3BqaXJtc2luIiwiYXJ0aWNsZUlkIjoxMTI5NjY5NywiaXNzdWVkQXQiOjE3ODE0MjY1MTc5OTB9.VRrukcv7ke2eY7OWER5JrXmx2UXjDeZzoZ2Bycc3DLI
산후도우미,,,,,,
산후도우미 기간,,,,,,
산후도우미 신청기간,,,,,,
산후도우미 정부지원금,,,,,,
산후도우미 지원기간,,,,,,
산후조리 언제까지,,,,,,
산후조리 잘하는법,,,,,,
산후조리 지원금,,,,,,
산후조리원,,,,,,
산후조리원비용,,,,,,
산후풍,,,,,,
산후풍 원인,o,1 | 2,쇼핑지름신 | 샤넬오픈런,141,2026-03-15,https://cafe.naver.com/shopjirmsin/11132968?art=ZXh0ZXJuYWwtc2VydmljZS1uYXZlci1zZWFyY2gtY2FmZS1wcg.eyJhbGciOiJIUzI1NiIsInR5cCI6IkpXVCJ9.eyJjYWZlVHlwZSI6IkNBRkVfVVJMIiwiY2FmZVVybCI6InNob3BqaXJtc2luIiwiYXJ0aWNsZUlkIjoxMTEzMjk2OCwiaXNzdWVkQXQiOjE3ODE0MjY1NDExNzl9.MBoH0RPQrsKKwy7rZCZ_nwdKpBCecwOtRnM9nDOt0Kc | https://cafe.naver.com/shoppingtpw/282275?art=ZXh0ZXJuYWwtc2VydmljZS1uYXZlci1zZWFyY2gtY2FmZS1wcg.eyJhbGciOiJIUzI1NiIsInR5cCI6IkpXVCJ9.eyJjYWZlVHlwZSI6IkNBRkVfVVJMIiwiY2FmZVVybCI6InNob3BwaW5ndHB3IiwiYXJ0aWNsZUlkIjoyODIyNzUsImlzc3VlZEF0IjoxNzgxNDI2NTQxMTc5fQ.WB9l0FpD6Vrg3nBA3mxkdydDTk7E2IPnyjDf_0AQnAU
산후풍 증상 후유증,,,,,,
산후풍 한의원,,,,,,
삼성동 난임병원,,,,,,
삼성동 산부인과,,,,,,
삼육두유 검은콩 혼합세트,,,,,,
상암동 산부인과,,,,,,
생리전 몸무게 증가,o,8,쇼핑지름신,,,https://cafe.naver.com/shopjirmsin/11207895?art=ZXh0ZXJuYWwtc2VydmljZS1uYXZlci1zZWFyY2gtY2FmZS1wcg.eyJhbGciOiJIUzI1NiIsInR5cCI6IkpXVCJ9.eyJjYWZlVHlwZSI6IkNBRkVfVVJMIiwiY2FmZVVybCI6InNob3BqaXJtc2luIiwiYXJ0aWNsZUlkIjoxMTIwNzg5NSwiaXNzdWVkQXQiOjE3ODE0MjY1NTQ1MTJ9.yd-l1AHBFnWlvN3JHyD6MUBoAyaV_yJdoDOt9bfNzLo
생리주기 불규칙,,,,,,
생리통 병원,,,,,,
생리후 임신가능성 확률,o,1,샤넬오픈런,,,https://cafe.naver.com/shoppingtpw/298494?art=ZXh0ZXJuYWwtc2VydmljZS1uYXZlci1zZWFyY2gtY2FmZS1wcg.eyJhbGciOiJIUzI1NiIsInR5cCI6IkpXVCJ9.eyJjYWZlVHlwZSI6IkNBRkVfVVJMIiwiY2FmZVVybCI6InNob3BwaW5ndHB3IiwiYXJ0aWNsZUlkIjoyOTg0OTQsImlzc3VlZEF0IjoxNzgxNDI2NTYwMDUxfQ.lBL480ZApjWMZoHNJjZRkD-r-7WkM31TKo12yr4AFzw
서면산부인과,,,,,,
서울 난임병원,,,,,,
성인 백일해 증상,,,,,,
성장주사,,,,,,
성장판 마사지,,,,,,
성장판검사비용,,,,,,
성장호르몬 검사 과정,,,,,,
세종 산후도우미,,,,,,
속초 산부인과,o,1,샤넬오픈런,,,https://cafe.naver.com/shoppingtpw/283053?art=ZXh0ZXJuYWwtc2VydmljZS1uYXZlci1zZWFyY2gtY2FmZS1wcg.eyJhbGciOiJIUzI1NiIsInR5cCI6IkpXVCJ9.eyJjYWZlVHlwZSI6IkNBRkVfVVJMIiwiY2FmZVVybCI6InNob3BwaW5ndHB3IiwiYXJ0aWNsZUlkIjoyODMwNTMsImlzc3VlZEF0IjoxNzgxNDI2NTc1NTE4fQ.wI2NggvyMzUnfj0STWmY-KTqoqez7uOpUjGeca-ZzFA
손발차가움,,,,,,
손이 차가운 이유,,,,,,
수원 난임병원,o,4,샤넬오픈런,,,https://cafe.naver.com/shoppingtpw/299835?art=ZXh0ZXJuYWwtc2VydmljZS1uYXZlci1zZWFyY2gtY2FmZS1wcg.eyJhbGciOiJIUzI1NiIsInR5cCI6IkpXVCJ9.eyJjYWZlVHlwZSI6IkNBRkVfVVJMIiwiY2FmZVVybCI6InNob3BwaW5ndHB3IiwiYXJ0aWNsZUlkIjoyOTk4MzUsImlzc3VlZEF0IjoxNzgxNDI2NTgwNTQ3fQ.ucYXKBu0BV-SuGs8nYiqAL-e_d-4wMc_e1VFpvmI0Xw
수원난임병원,o,5,샤넬오픈런,,,https://cafe.naver.com/shoppingtpw/298828?art=ZXh0ZXJuYWwtc2VydmljZS1uYXZlci1zZWFyY2gtY2FmZS1wcg.eyJhbGciOiJIUzI1NiIsInR5cCI6IkpXVCJ9.eyJjYWZlVHlwZSI6IkNBRkVfVVJMIiwiY2FmZVVybCI6InNob3BwaW5ndHB3IiwiYXJ0aWNsZUlkIjoyOTg4MjgsImlzc3VlZEF0IjoxNzgxNDI2NTgyNjg4fQ.W7wwZ3GQYvlOB3U4yi-1D2T8vJBwcMex6trUUEutajg
수족냉증,,,,,,
수족냉증 원인 치료,,,,,,
수족냉증증상,,,,,,
수지구 산부인과,,,,,,
시험관,,,,,,
시험관 5차 실패,,,,,,
시험관 동결 이식 비용,,,,,,
시험관 시술 비용,o,10,쇼핑지름신,,,https://cafe.naver.com/shopjirmsin/11306477?art=ZXh0ZXJuYWwtc2VydmljZS1uYXZlci1zZWFyY2gtY2FmZS1wcg.eyJhbGciOiJIUzI1NiIsInR5cCI6IkpXVCJ9.eyJjYWZlVHlwZSI6IkNBRkVfVVJMIiwiY2FmZVVybCI6InNob3BqaXJtc2luIiwiYXJ0aWNsZUlkIjoxMTMwNjQ3NywiaXNzdWVkQXQiOjE3ODE0MjY1OTY4MzN9.YQwnoL2SQgjFBQ7jHhKq9bQwo9Fb7AHPxo3M1nSk4KU
시험관 이식,,,,,,
시험관 이식 전 몸관리,,,,,,
시험관 주사 통증,,,,,,
시험관 착상 실패,,,,,,
시험관 출산예정일,,,,,,
시험관시술 비용,o,11,쇼핑지름신,,,https://cafe.naver.com/shopjirmsin/11306477?art=ZXh0ZXJuYWwtc2VydmljZS1uYXZlci1zZWFyY2gtY2FmZS1wcg.eyJhbGciOiJIUzI1NiIsInR5cCI6IkpXVCJ9.eyJjYWZlVHlwZSI6IkNBRkVfVVJMIiwiY2FmZVVybCI6InNob3BqaXJtc2luIiwiYXJ0aWNsZUlkIjoxMTMwNjQ3NywiaXNzdWVkQXQiOjE3ODE0MjY2MDYwNjV9.JN_BDaFTY27rjK9owjvwwE2FrolYUF9wf20Bgd8mqyE
시흥 산후도우미,,,,,,
아기 낳고 후회,,,,,,
안성난임센터 치료,,,,,,
안양 산부인과,,,,,,
알부민 당제로,,,,,,
알부민 킹,,,,,,
야간뇨,o,2,샤넬오픈런,,,https://cafe.naver.com/shoppingtpw/302236?art=ZXh0ZXJuYWwtc2VydmljZS1uYXZlci1zZWFyY2gtY2FmZS1wcg.eyJhbGciOiJIUzI1NiIsInR5cCI6IkpXVCJ9.eyJjYWZlVHlwZSI6IkNBRkVfVVJMIiwiY2FmZVVybCI6InNob3BwaW5ndHB3IiwiYXJ0aWNsZUlkIjozMDIyMzYsImlzc3VlZEF0IjoxNzgxNDI2NjE4MDQ3fQ.PDNLy2F1PhEtUtftuIiUirTKDuMNb_SsqsP2cDc5KRc
양산 산부인과,,,,,,
양재 산부인과,o,4,쇼핑지름신,77,2026-03-28,https://cafe.naver.com/shopjirmsin/11164882?art=ZXh0ZXJuYWwtc2VydmljZS1uYXZlci1zZWFyY2gtY2FmZS1wcg.eyJhbGciOiJIUzI1NiIsInR5cCI6IkpXVCJ9.eyJjYWZlVHlwZSI6IkNBRkVfVVJMIiwiY2FmZVVybCI6InNob3BqaXJtc2luIiwiYXJ0aWNsZUlkIjoxMTE2NDg4MiwiaXNzdWVkQXQiOjE3ODE0MjY2MjE2NDl9.qnI1c8hDKhJ7gUuByF_dL7W2yobEKI2cayRS4hqjxOM
얼리임테기 저녁,,,,,,
에버콜라겐 레티놀A,o,1,쇼핑지름신,161,2026-04-08,https://cafe.naver.com/shopjirmsin/11191806?art=ZXh0ZXJuYWwtc2VydmljZS1uYXZlci1zZWFyY2gtY2FmZS1wcg.eyJhbGciOiJIUzI1NiIsInR5cCI6IkpXVCJ9.eyJjYWZlVHlwZSI6IkNBRkVfVVJMIiwiY2FmZVVybCI6InNob3BqaXJtc2luIiwiYXJ0aWNsZUlkIjoxMTE5MTgwNiwiaXNzdWVkQXQiOjE3ODE0MjY2MjUyNjJ9.mBuoWR47ohzTM1Wj_o68AXt4LW5bU6Wi6U0eD8P-Cdw
에버콜라겐 타임 레티놀A,o,1,쇼핑지름신,161,2026-04-08,https://cafe.naver.com/shopjirmsin/11191806?art=ZXh0ZXJuYWwtc2VydmljZS1uYXZlci1zZWFyY2gtY2FmZS1wcg.eyJhbGciOiJIUzI1NiIsInR5cCI6IkpXVCJ9.eyJjYWZlVHlwZSI6IkNBRkVfVVJMIiwiY2FmZVVybCI6InNob3BqaXJtc2luIiwiYXJ0aWNsZUlkIjoxMTE5MTgwNiwiaXNzdWVkQXQiOjE3ODE0MjY2MjcxMzh9.WXVaYn2cl-fphNgGVqkzpB3DmcNl2PhCPpCy-F2a-lQ
에스트로겐,,,,,,
에스트로겐 수치,,,,,,
여름 이불 세탁,o,1,쇼핑지름신,620,2026-05-21,https://cafe.naver.com/shopjirmsin/11296037?art=ZXh0ZXJuYWwtc2VydmljZS1uYXZlci1zZWFyY2gtY2FmZS1wcg.eyJhbGciOiJIUzI1NiIsInR5cCI6IkpXVCJ9.eyJjYWZlVHlwZSI6IkNBRkVfVVJMIiwiY2FmZVVybCI6InNob3BqaXJtc2luIiwiYXJ0aWNsZUlkIjoxMTI5NjAzNywiaXNzdWVkQXQiOjE3ODE0MjY2MzIyNTd9.Dmo9kQCqK8_9BSK5ZRqcpti8_mTv-7cO2t175HpA9r8
여의도 산부인과,,,,,,
여의도 산후조리원,,,,,,
역삼동난임센터,,,,,,
영통구 산후도우미,,,,,,
영통구 산후조리원,,,,,,
예상키계산기,,,,,,
오한진의 백세알부민,,,,,,
왕실비책,,,,,,
용인 조리원,,,,,,
우리아이예상키,,,,,,
원주 산부인과,,,,,,
위례 산부인과,,,,,,
유기농 오르조,,,,,,
유방 조직검사,,,,,,
유산 후 몸조리,o,4,쇼핑지름신,196,2026-05-23,https://cafe.naver.com/shopjirmsin/11300045?art=ZXh0ZXJuYWwtc2VydmljZS1uYXZlci1zZWFyY2gtY2FmZS1wcg.eyJhbGciOiJIUzI1NiIsInR5cCI6IkpXVCJ9.eyJjYWZlVHlwZSI6IkNBRkVfVVJMIiwiY2FmZVVybCI6InNob3BqaXJtc2luIiwiYXJ0aWNsZUlkIjoxMTMwMDA0NSwiaXNzdWVkQXQiOjE3ODE0MjY2NTgzMTR9.DG1Lqj4HP5YcQjbIPbkv3Xkshr-hC3ZlyXYzMs-9Y7M
유한양행 당큐락,o,1,샤넬오픈런,,,https://cafe.naver.com/shoppingtpw/289347?art=ZXh0ZXJuYWwtc2VydmljZS1uYXZlci1zZWFyY2gtY2FmZS1wcg.eyJhbGciOiJIUzI1NiIsInR5cCI6IkpXVCJ9.eyJjYWZlVHlwZSI6IkNBRkVfVVJMIiwiY2FmZVVybCI6InNob3BwaW5ndHB3IiwiYXJ0aWNsZUlkIjoyODkzNDcsImlzc3VlZEF0IjoxNzgxNDI2NjU5Nzg2fQ.phSJzG2KAJdB1fbePNp-Wdpt3crgdF6zQbBKG7Mnn0o
육아 번아웃,,,,,,
윤방부박사의 넘버원 알부민 당제로,,,,,,
의왕 산후도우미,,,,,,
의정부 산후조리원,,,,,,
이소플라본,o,3,샤넬오픈런,,,https://cafe.naver.com/shoppingtpw/288077?art=ZXh0ZXJuYWwtc2VydmljZS1uYXZlci1zZWFyY2gtY2FmZS1wcg.eyJhbGciOiJIUzI1NiIsInR5cCI6IkpXVCJ9.eyJjYWZlVHlwZSI6IkNBRkVfVVJMIiwiY2FmZVVybCI6InNob3BwaW5ndHB3IiwiYXJ0aWNsZUlkIjoyODgwNzcsImlzc3VlZEF0IjoxNzgxNDI2NjY5MDQ5fQ.OHIdHMFI9Au-tzXIW0A6eZxMj-ira3oMH_kTjwl4B8I
익산 산부인과,o,1,샤넬오픈런,,,https://cafe.naver.com/shoppingtpw/302551?art=ZXh0ZXJuYWwtc2VydmljZS1uYXZlci1zZWFyY2gtY2FmZS1wcg.eyJhbGciOiJIUzI1NiIsInR5cCI6IkpXVCJ9.eyJjYWZlVHlwZSI6IkNBRkVfVVJMIiwiY2FmZVVybCI6InNob3BwaW5ndHB3IiwiYXJ0aWNsZUlkIjozMDI1NTEsImlzc3VlZEF0IjoxNzgxNDI2NjcxMDA5fQ.GztCJiJdPHtQ28iuAhArN9-ArNjQzSElLEx3veU_S9A
인공수정 성공률,,,,,,
인공수정 시험관 차이,,,,,,
일산 산후조리원,,,,,,
임산부칼마디,,,,,,
임산부필라테스,,,,,,
임신,,,,,,
임신 잘되는 시기,,,,,,
임신 잘되는 자세,o,6 | 9,쇼핑지름신,371,2026-03-27,https://cafe.naver.com/shopjirmsin/11224677?art=ZXh0ZXJuYWwtc2VydmljZS1uYXZlci1zZWFyY2gtY2FmZS1wcg.eyJhbGciOiJIUzI1NiIsInR5cCI6IkpXVCJ9.eyJjYWZlVHlwZSI6IkNBRkVfVVJMIiwiY2FmZVVybCI6InNob3BqaXJtc2luIiwiYXJ0aWNsZUlkIjoxMTIyNDY3NywiaXNzdWVkQXQiOjE3ODE0MjY2ODQ4NTN9.TQ7se6QU6z_KDg2gVexY0OtC-bx6tp6Knt3j0JQ36BY | https://cafe.naver.com/shopjirmsin/11163486?art=ZXh0ZXJuYWwtc2VydmljZS1uYXZlci1zZWFyY2gtY2FmZS1wcg.eyJhbGciOiJIUzI1NiIsInR5cCI6IkpXVCJ9.eyJjYWZlVHlwZSI6IkNBRkVfVVJMIiwiY2FmZVVybCI6InNob3BqaXJtc2luIiwiYXJ0aWNsZUlkIjoxMTE2MzQ4NiwiaXNzdWVkQXQiOjE3ODE0MjY2ODQ4NTN9.f_ac5ZnprzFSauKpQ5Se6wWciGE0nsNS9TdINdoHnNY
임신 전 건강 검진,,,,,,
임신 전 음주,,,,,,
임신 전 준비,,,,,,
임신 준비,,,,,,
임신 준비기간,,,,,,
임신 착상 시기 증상,o,2,쇼핑지름신,,,https://cafe.naver.com/shopjirmsin/11310387?art=ZXh0ZXJuYWwtc2VydmljZS1uYXZlci1zZWFyY2gtY2FmZS1wcg.eyJhbGciOiJIUzI1NiIsInR5cCI6IkpXVCJ9.eyJjYWZlVHlwZSI6IkNBRkVfVVJMIiwiY2FmZVVybCI6InNob3BqaXJtc2luIiwiYXJ0aWNsZUlkIjoxMTMxMDM4NywiaXNzdWVkQXQiOjE3ODE0MjY3NTYxMTB9.RY92Rm32Y1JbHj-hZbqw45yivcCk6enuePmCgoprWV0
임신 확률,,,,,,
임신전 체질 관리,,,,,,
임신준비 감기약,,,,,,
임신준비 금연 성공,o,1 | 2,샤넬오픈런 | 쇼핑지름신,145,2026-05-17,https://cafe.naver.com/shoppingtpw/302989?art=ZXh0ZXJuYWwtc2VydmljZS1uYXZlci1zZWFyY2gtY2FmZS1wcg.eyJhbGciOiJIUzI1NiIsInR5cCI6IkpXVCJ9.eyJjYWZlVHlwZSI6IkNBRkVfVVJMIiwiY2FmZVVybCI6InNob3BwaW5ndHB3IiwiYXJ0aWNsZUlkIjozMDI5ODksImlzc3VlZEF0IjoxNzgxNDI2NzYyNTAzfQ.Zxpx1ne2gG3O2_9IAKp1Hu9fnjDp_FS5weyj2TD2vlI | https://cafe.naver.com/shopjirmsin/11286244?art=ZXh0ZXJuYWwtc2VydmljZS1uYXZlci1zZWFyY2gtY2FmZS1wcg.eyJhbGciOiJIUzI1NiIsInR5cCI6IkpXVCJ9.eyJjYWZlVHlwZSI6IkNBRkVfVVJMIiwiY2FmZVVybCI6InNob3BqaXJtc2luIiwiYXJ0aWNsZUlkIjoxMTI4NjI0NCwiaXNzdWVkQXQiOjE3ODE0MjY3NjI1MDN9.A35zy-R4EzLmslWBFUkNuVIKTt9BeWHESM5L6oOo-Qw
임신준비 남편 금연 관리,o,2,쇼핑지름신,145,2026-05-17,https://cafe.naver.com/shopjirmsin/11286244?art=ZXh0ZXJuYWwtc2VydmljZS1uYXZlci1zZWFyY2gtY2FmZS1wcg.eyJhbGciOiJIUzI1NiIsInR5cCI6IkpXVCJ9.eyJjYWZlVHlwZSI6IkNBRkVfVVJMIiwiY2FmZVVybCI6InNob3BqaXJtc2luIiwiYXJ0aWNsZUlkIjoxMTI4NjI0NCwiaXNzdWVkQXQiOjE3ODE0MjY3NjQwMDV9.D8UrviSnpm3VRC322mLIuqS64z1RddndqryNzdwXXwM
임신준비 식단,o,3,쇼핑지름신,143,2026-05-08,https://cafe.naver.com/shopjirmsin/11264235?art=ZXh0ZXJuYWwtc2VydmljZS1uYXZlci1zZWFyY2gtY2FmZS1wcg.eyJhbGciOiJIUzI1NiIsInR5cCI6IkpXVCJ9.eyJjYWZlVHlwZSI6IkNBRkVfVVJMIiwiY2FmZVVybCI6InNob3BqaXJtc2luIiwiYXJ0aWNsZUlkIjoxMTI2NDIzNSwiaXNzdWVkQXQiOjE3ODE0MjY3NjU4NTB9.9cwhiyNBCnvPbllmd1f3qcxiAsT-92ZLEqJo_DsuW-0
임신준비 예방접종,,,,,,
임신준비 카페인,o,3,쇼핑지름신,293,2026-03-27,https://cafe.naver.com/shopjirmsin/11163482?art=ZXh0ZXJuYWwtc2VydmljZS1uYXZlci1zZWFyY2gtY2FmZS1wcg.eyJhbGciOiJIUzI1NiIsInR5cCI6IkpXVCJ9.eyJjYWZlVHlwZSI6IkNBRkVfVVJMIiwiY2FmZVVybCI6InNob3BqaXJtc2luIiwiYXJ0aWNsZUlkIjoxMTE2MzQ4MiwiaXNzdWVkQXQiOjE3ODE0MjY3Njk3NDV9.vnprt2U_spY_4gEisKAlJBo7nb0YfcFRnkpQSbugGko
임신준비 커피,,,,,,
임신준비 코큐텐,o,10,샤넬오픈런,,,https://cafe.naver.com/shoppingtpw/297032?art=ZXh0ZXJuYWwtc2VydmljZS1uYXZlci1zZWFyY2gtY2FmZS1wcg.eyJhbGciOiJIUzI1NiIsInR5cCI6IkpXVCJ9.eyJjYWZlVHlwZSI6IkNBRkVfVVJMIiwiY2FmZVVybCI6InNob3BwaW5ndHB3IiwiYXJ0aWNsZUlkIjoyOTcwMzIsImlzc3VlZEF0IjoxNzgxNDI2NDA4NTc3fQ.i8FgQXu3MAR3TF9LnzbJ25dda2YYjRtOv2yHgO7Felk
임신준비검사,,,,,,
임신중독증,,,,,,
임신중독증 원인,,,,,,
임신확률 높이는법,,,,,,
자궁 따뜻하게,,,,,,
자궁 후굴 원인,,,,,,
자궁선근증,,,,,,
자궁외임신 증상,,,,,,
자라탕 효능,o,3,건강한노후준비,21,2026-05-09,https://cafe.naver.com/freemapleafreecabj/31488?art=ZXh0ZXJuYWwtc2VydmljZS1uYXZlci1zZWFyY2gtY2FmZS1wcg.eyJhbGciOiJIUzI1NiIsInR5cCI6IkpXVCJ9.eyJjYWZlVHlwZSI6IkNBRkVfVVJMIiwiY2FmZVVybCI6ImZyZWVtYXBsZWFmcmVlY2FiaiIsImFydGljbGVJZCI6MzE0ODgsImlzc3VlZEF0IjoxNzgxNDI2Nzg5MTAxfQ.OHXcRFQZc7DAL2JrWq4v_D0RlvTVICkZ_Klfn1k-Cdk
자연임신 확률,,,,,,
자연임신쌍둥이,o,7,쇼핑지름신,86,2026-05-06,https://cafe.naver.com/shopjirmsin/11259216?art=ZXh0ZXJuYWwtc2VydmljZS1uYXZlci1zZWFyY2gtY2FmZS1wcg.eyJhbGciOiJIUzI1NiIsInR5cCI6IkpXVCJ9.eyJjYWZlVHlwZSI6IkNBRkVfVVJMIiwiY2FmZVVybCI6InNob3BqaXJtc2luIiwiYXJ0aWNsZUlkIjoxMTI1OTIxNiwiaXNzdWVkQXQiOjE3ODE0MjY3OTI1Nzl9.3pCAfwY2Xhj7K4Hl2hAyN0kvswlMr3XIcXicACWeFVk
자연임신확률,,,,,,
잠실 산후조리원,,,,,,
장마철 제습기,,,,,,
전주 산부인과,,,,,,
정관장 활기력,,,,,,
정식품 베지밀 고단백두유 검은콩,,,,,,
정읍 산부인과 여의사,,,,,,
정읍 산후조리원,,,,,,
제왕절개 산후조리,,,,,,
제왕절개 실비 청구,,,,,,
제왕절개 실비청구,,,,,,
제왕절개 압박스타킹,,,,,,
제왕절개 입원기간,,,,,,
제왕절개 통증,,,,,,
제주 산후도우미,o,3,쇼핑지름신,129,2026-03-20,https://cafe.naver.com/shopjirmsin/11145402?art=ZXh0ZXJuYWwtc2VydmljZS1uYXZlci1zZWFyY2gtY2FmZS1wcg.eyJhbGciOiJIUzI1NiIsInR5cCI6IkpXVCJ9.eyJjYWZlVHlwZSI6IkNBRkVfVVJMIiwiY2FmZVVybCI6InNob3BqaXJtc2luIiwiYXJ0aWNsZUlkIjoxMTE0NTQwMiwiaXNzdWVkQXQiOjE3ODE0MjY4MTg0NjF9.pTqNLCKMAUjfuPTxdFN7s4jeTEatAN8ik4ZoiidJpGo
제주산 당찬여주 발효효소,o,1,샤넬오픈런,,,https://cafe.naver.com/shoppingtpw/293152?art=ZXh0ZXJuYWwtc2VydmljZS1uYXZlci1zZWFyY2gtY2FmZS1wcg.eyJhbGciOiJIUzI1NiIsInR5cCI6IkpXVCJ9.eyJjYWZlVHlwZSI6IkNBRkVfVVJMIiwiY2FmZVVybCI6InNob3BwaW5ndHB3IiwiYXJ0aWNsZUlkIjoyOTMxNTIsImlzc3VlZEF0IjoxNzgxNDI2ODIwMDIyfQ.B4p7OcK6j6JUzZep9VKaJ9kYP4-BB_DQQGmVx9C8Tlg
제주산 당찬여주 발효효소_체험분,,,,,,
중1 평균키 몸무게,o,3,샤넬오픈런,,,https://cafe.naver.com/shoppingtpw/298114?art=ZXh0ZXJuYWwtc2VydmljZS1uYXZlci1zZWFyY2gtY2FmZS1wcg.eyJhbGciOiJIUzI1NiIsInR5cCI6IkpXVCJ9.eyJjYWZlVHlwZSI6IkNBRkVfVVJMIiwiY2FmZVVybCI6InNob3BwaW5ndHB3IiwiYXJ0aWNsZUlkIjoyOTgxMTQsImlzc3VlZEF0IjoxNzgxNDI2ODIzNTkwfQ.bWWO3L13Tp4v2QVFydWpIUK2bOlqagxc-dTmkgCKS6U
진주 난임병원,,,,,,
착상에 좋은 과일,,,,,,
착상이 안되는 이유,,,,,,
창원 리베라 산후조리원,,,,,,
청라여성병원,,,,,,
청주 산부인과,,,,,,
청주 산후조리원,o,4,쇼핑지름신,276,2026-03-28,https://cafe.naver.com/shopjirmsin/11165244?art=ZXh0ZXJuYWwtc2VydmljZS1uYXZlci1zZWFyY2gtY2FmZS1wcg.eyJhbGciOiJIUzI1NiIsInR5cCI6IkpXVCJ9.eyJjYWZlVHlwZSI6IkNBRkVfVVJMIiwiY2FmZVVybCI6InNob3BqaXJtc2luIiwiYXJ0aWNsZUlkIjoxMTE2NTI0NCwiaXNzdWVkQXQiOjE3ODE0MjY4MzUwMjF9.gVjX3IvxlL-9w5W5kOi3SuTZeyTQwrN8ba6Nhmcb0qc
출산 산후도우미 기간,,,,,,
출산 후 두드러기,,,,,,
출산 후 러닝,,,,,,
출산 후 몸조리,o,4,쇼핑지름신,31,2026-05-20,https://cafe.naver.com/shopjirmsin/11293104?art=ZXh0ZXJuYWwtc2VydmljZS1uYXZlci1zZWFyY2gtY2FmZS1wcg.eyJhbGciOiJIUzI1NiIsInR5cCI6IkpXVCJ9.eyJjYWZlVHlwZSI6IkNBRkVfVVJMIiwiY2FmZVVybCI6InNob3BqaXJtc2luIiwiYXJ0aWNsZUlkIjoxMTI5MzEwNCwiaXNzdWVkQXQiOjE3ODE0MjY4NDE4MzN9.Iy-MVTTlUlQVALtBNzlixTi0miL6qT5xmdXXkHTTj5Y
출산 후 배란통 증상,,,,,,
출산 후 예민,,,,,,
출산 후 우울감,,,,,,
출산 후 치질,,,,,,
출산 후 치질 치료,,,,,,
출산 후 할일,,,,,,
출산산후도우미,,,,,,
출산준비물,,,,,,
출산준비물리스트,,,,,,
출산후 고혈압,,,,,,
출산후 다리 부종,,,,,,
출산후 두통 치료,,,,,,
출산후 소양증,,,,,,
출산후 팬티 조임,,,,,,
출산후 허리통증,,,,,,
친정엄마 산후도우미,,,,,,
친정엄마산후도우미,,,,,,
침향단효능,,,,,,
침향환 효능 정리,,,,,,
침향환효능,,,,,,
코로나 기침,,,,,,
코큐텐 효능,,,,,,
코피 자주나는 아이 원인,,,,,,
콘드로이친 킹,o,2,샤넬오픈런,,,https://cafe.naver.com/shoppingtpw/295393?art=ZXh0ZXJuYWwtc2VydmljZS1uYXZlci1zZWFyY2gtY2FmZS1wcg.eyJhbGciOiJIUzI1NiIsInR5cCI6IkpXVCJ9.eyJjYWZlVHlwZSI6IkNBRkVfVVJMIiwiY2FmZVVybCI6InNob3BwaW5ndHB3IiwiYXJ0aWNsZUlkIjoyOTUzOTMsImlzc3VlZEF0IjoxNzgxNDI2ODg0MjQ5fQ.5vEXpFBqp_T-i4uw-fDgymhYLV1gKg8P0ISDlfaypRM
콘드로이친 MBP,,,,,,
콜라겐 비오틴,,,,,,
태반주사 실비 적용 횟수,,,,,,
태반주사 효과,,,,,,
테스트 글작성 확인용,,,,,,
튼살크림,,,,,,
파로효소,,,,,,
팔레오 고단백 프로틴,o,1,쇼핑지름신,20,2026-04-26,https://cafe.naver.com/shopjirmsin/11236557?art=ZXh0ZXJuYWwtc2VydmljZS1uYXZlci1zZWFyY2gtY2FmZS1wcg.eyJhbGciOiJIUzI1NiIsInR5cCI6IkpXVCJ9.eyJjYWZlVHlwZSI6IkNBRkVfVVJMIiwiY2FmZVVybCI6InNob3BqaXJtc2luIiwiYXJ0aWNsZUlkIjoxMTIzNjU1NywiaXNzdWVkQXQiOjE3ODE0MjY4OTc4OTB9.tTee4I6EWioBV4XQe860PqTF2-YUEgCq82Sz_cxWox8
평택 산후조리원,,,,,,
폐경,,,,,,
폐경 초기증상,,,,,,
폐경 호르몬치료,,,,,,
폐경 후 추위 관리,,,,,,
폐경후 생리,,,,,,
포항 산후조리원,,,,,,
퓨레바 퓨어 클로렐라,,,,,,
프로게스테론,,,,,,
프리미엄 오한진의 백세알부민,,,,,,
프리미엄 윤방부박사의 넘버원 알부민,,,,,,
프리미엄 윤방부박사의 넘버원 알부민 당제로,,,,,,
피로회복제,,,,,,
핀란디아 블루베리 파우더,,,,,,
하남난임센터,,,,,,
하단 난임병원,,,,,,
하루약콩 두유,o,1,건강한노후준비,7,2026-04-08,https://cafe.naver.com/freemapleafreecabj/31030?art=ZXh0ZXJuYWwtc2VydmljZS1uYXZlci1zZWFyY2gtY2FmZS1wcg.eyJhbGciOiJIUzI1NiIsInR5cCI6IkpXVCJ9.eyJjYWZlVHlwZSI6IkNBRkVfVVJMIiwiY2FmZVVybCI6ImZyZWVtYXBsZWFmcmVlY2FiaiIsImFydGljbGVJZCI6MzEwMzAsImlzc3VlZEF0IjoxNzgxNDI2OTg4NDE2fQ.fXmmBB-HV3F_hPo9f1bJzX3lJ0PeN--_XWgAZMhQ1H8
하이뮨 프로틴 밸런스 면역케어,,,,,,
한달 만보걷기 챌린지,,,,,,
한달에 생리 세번,,,,,,
한미사이언스 완 전두유,o,1,쇼핑지름신,172,2026-04-09,https://cafe.naver.com/shopjirmsin/11195034?art=ZXh0ZXJuYWwtc2VydmljZS1uYXZlci1zZWFyY2gtY2FmZS1wcg.eyJhbGciOiJIUzI1NiIsInR5cCI6IkpXVCJ9.eyJjYWZlVHlwZSI6IkNBRkVfVVJMIiwiY2FmZVVybCI6InNob3BqaXJtc2luIiwiYXJ0aWNsZUlkIjoxMTE5NTAzNCwiaXNzdWVkQXQiOjE3ODE0MjY5OTU1NTZ9.dT0PZUuy8QVQX4KMQkkvwarUJCqJcEQ8_8t-TcZy_hU
호르몬주사,,,,,,
호르몬주사 부작용,,,,,,
호모시스테인,o,1,샤넬오픈런,,,https://cafe.naver.com/shoppingtpw/291373?art=ZXh0ZXJuYWwtc2VydmljZS1uYXZlci1zZWFyY2gtY2FmZS1wcg.eyJhbGciOiJIUzI1NiIsInR5cCI6IkpXVCJ9.eyJjYWZlVHlwZSI6IkNBRkVfVVJMIiwiY2FmZVVybCI6InNob3BwaW5ndHB3IiwiYXJ0aWNsZUlkIjoyOTEzNzMsImlzc3VlZEF0IjoxNzgxNDI3MDAwODM0fQ.HBMVzwkq-q_a6L1WX_UUBLvaSiOeAqk7v5mbDJM1-fs
화성난임센터,,,,,,
후비루치료,,,,,,
amh 수치,,,,,,
b형독감 잠복기,,,,,,
e보건소 가임력검사,,,,,,
e보건소 난소검사 결과,,,,,,
e보건소 산전검사 병원,,,,,,
nk 면역세포 주사,,,,,,
30일 면역력 챌린지 후기,,,,,,
강남 조리원 추천,o,2,샤넬오픈런,,,https://cafe.naver.com/shoppingtpw/280433?art=ZXh0ZXJuYWwtc2VydmljZS1uYXZlci1zZWFyY2gtY2FmZS1wcg.eyJhbGciOiJIUzI1NiIsInR5cCI6IkpXVCJ9.eyJjYWZlVHlwZSI6IkNBRkVfVVJMIiwiY2FmZVVybCI6InNob3BwaW5ndHB3IiwiYXJ0aWNsZUlkIjoyODA0MzMsImlzc3VlZEF0IjoxNzgxNDI3MDE3Nzc3fQ.sSvCwLgEdXr5r_oD1wv0g2sghFnlAihM18FARIZ7E0Y
경주 대추밭한의원 예약 가격,,,,,,
계류유산 소파술 후기,o,9,쇼핑지름신,,,https://cafe.naver.com/shopjirmsin/11314752?art=ZXh0ZXJuYWwtc2VydmljZS1uYXZlci1zZWFyY2gtY2FmZS1wcg.eyJhbGciOiJIUzI1NiIsInR5cCI6IkpXVCJ9.eyJjYWZlVHlwZSI6IkNBRkVfVVJMIiwiY2FmZVVybCI6InNob3BqaXJtc2luIiwiYXJ0aWNsZUlkIjoxMTMxNDc1MiwiaXNzdWVkQXQiOjE3ODE0MjcwMjE3NDZ9.EBbHMggaLOvObrTY-C-wWtvSoBPLm8puARW8OICpaDw
계류유산 자연배출 후기,o,6,쇼핑지름신,723,2026-05-09,https://cafe.naver.com/shopjirmsin/11266063?art=ZXh0ZXJuYWwtc2VydmljZS1uYXZlci1zZWFyY2gtY2FmZS1wcg.eyJhbGciOiJIUzI1NiIsInR5cCI6IkpXVCJ9.eyJjYWZlVHlwZSI6IkNBRkVfVVJMIiwiY2FmZVVybCI6InNob3BqaXJtc2luIiwiYXJ0aWNsZUlkIjoxMTI2NjA2MywiaXNzdWVkQXQiOjE3ODE0MjcwMjM3MjV9.9Wh48BLChL2Rvo9ZZQgY1mYz5O8JVpy3iDz0x-Sd5pk
난임병원 후기,,,,,,
냉동배아 이식 후기,o,4,샤넬오픈런,,,https://cafe.naver.com/shoppingtpw/302822?art=ZXh0ZXJuYWwtc2VydmljZS1uYXZlci1zZWFyY2gtY2FmZS1wcg.eyJhbGciOiJIUzI1NiIsInR5cCI6IkpXVCJ9.eyJjYWZlVHlwZSI6IkNBRkVfVVJMIiwiY2FmZVVybCI6InNob3BwaW5ndHB3IiwiYXJ0aWNsZUlkIjozMDI4MjIsImlzc3VlZEF0IjoxNzgxNDI3MDI2NTM4fQ.OFb9mXmxFxhFGmi7hv500ER-YV8uUem4XqPnRSe5RDw
사상체질별 식단 추천,,,,,,
산후조리원 가격 비교,,,,,,
산후조리원 후기,,,,,,
시험관 난자 채취 후기,,,,,,
시험관 성공 후기,,,,,,
아침 스트레칭 루틴 추천,,,,,,
인공수정 후기,o,5,쇼핑지름신,,,https://cafe.naver.com/shopjirmsin/11208062?art=ZXh0ZXJuYWwtc2VydmljZS1uYXZlci1zZWFyY2gtY2FmZS1wcg.eyJhbGciOiJIUzI1NiIsInR5cCI6IkpXVCJ9.eyJjYWZlVHlwZSI6IkNBRkVfVVJMIiwiY2FmZVVybCI6InNob3BqaXJtc2luIiwiYXJ0aWNsZUlkIjoxMTIwODA2MiwiaXNzdWVkQXQiOjE3ODE0MjcwMzg3NTJ9.N7DTfR9pwU8Gh_urtmJ9Mskfv2PzqnqOuzlnnkpXUUA
자연임신 성공 후기,,,,,,
손발저림,,,,,,
손끝저림,,,,,,
손가락저림,o,5,쇼핑지름신,,,https://cafe.naver.com/shopjirmsin/11338818?art=ZXh0ZXJuYWwtc2VydmljZS1uYXZlci1zZWFyY2gtY2FmZS1wcg.eyJhbGciOiJIUzI1NiIsInR5cCI6IkpXVCJ9.eyJjYWZlVHlwZSI6IkNBRkVfVVJMIiwiY2FmZVVybCI6InNob3BqaXJtc2luIiwiYXJ0aWNsZUlkIjoxMTMzODgxOCwiaXNzdWVkQXQiOjE3ODE0MjcwNDU1MzN9.sHP04XEDaF5RLf-3JyM361p5BfKPqhTJe1_bWkCldGc
손저림원인,,,,,,
손목저림,,,,,,
팔다리저림,,,,,,
소음인,,,,,,
소음인음식,,,,,,
소음인특징,o,2,쇼핑지름신,1744,2026-03-12,https://cafe.naver.com/shopjirmsin/11125751?art=ZXh0ZXJuYWwtc2VydmljZS1uYXZlci1zZWFyY2gtY2FmZS1wcg.eyJhbGciOiJIUzI1NiIsInR5cCI6IkpXVCJ9.eyJjYWZlVHlwZSI6IkNBRkVfVVJMIiwiY2FmZVVybCI6InNob3BqaXJtc2luIiwiYXJ0aWNsZUlkIjoxMTEyNTc1MSwiaXNzdWVkQXQiOjE3ODE0MjcwNTY3NjR9.3PM1_XWQw-2GBnHz268tzvijOwVfK370AAnakHYv2V0
소음인체질,,,,,,
소음인남자,,,,,,
소음인여자,o,3,쇼핑지름신,205,2026-03-12,https://cafe.naver.com/shopjirmsin/11125592?art=ZXh0ZXJuYWwtc2VydmljZS1uYXZlci1zZWFyY2gtY2FmZS1wcg.eyJhbGciOiJIUzI1NiIsInR5cCI6IkpXVCJ9.eyJjYWZlVHlwZSI6IkNBRkVfVVJMIiwiY2FmZVVybCI6InNob3BqaXJtc2luIiwiYXJ0aWNsZUlkIjoxMTEyNTU5MiwiaXNzdWVkQXQiOjE3ODE0MjcwNjIxNjl9.hZREyPJaJ7EDdOcMBqaog3rWUdVAGtu-mik8tJl2U2A
소양인여자특징,,,,,,
소음인식단,,,,,,
소음인운동,,,,,,
소음인흑염소,,,,,,
소음인에게좋은음식,o,1,쇼핑지름신,1488,2026-02-25,https://cafe.naver.com/shopjirmsin/11088401?art=ZXh0ZXJuYWwtc2VydmljZS1uYXZlci1zZWFyY2gtY2FmZS1wcg.eyJhbGciOiJIUzI1NiIsInR5cCI6IkpXVCJ9.eyJjYWZlVHlwZSI6IkNBRkVfVVJMIiwiY2FmZVVybCI6InNob3BqaXJtc2luIiwiYXJ0aWNsZUlkIjoxMTA4ODQwMSwiaXNzdWVkQXQiOjE3ODE0MjcwNzAyNDZ9.qYPaM7q_IVazEWLpKi0OBxamukAKSnkGKCcx8mIu5Lc
소음인여자음식,,,,,,
소음인남자특징,o,2,쇼핑지름신,1744,2026-03-12,https://cafe.naver.com/shopjirmsin/11125751?art=ZXh0ZXJuYWwtc2VydmljZS1uYXZlci1zZWFyY2gtY2FmZS1wcg.eyJhbGciOiJIUzI1NiIsInR5cCI6IkpXVCJ9.eyJjYWZlVHlwZSI6IkNBRkVfVVJMIiwiY2FmZVVybCI6InNob3BqaXJtc2luIiwiYXJ0aWNsZUlkIjoxMTEyNTc1MSwiaXNzdWVkQXQiOjE3ODE0MjcwNzQwNTd9.naE7BVe3AH-3LMYmsp5TkHjVKIYCPuiig5iVj9iJQm0
소음인홍삼,,,,,,
소음인차,,,,,,
임산부선물,,,,,,
임산부유산균,,,,,,
임산부소화제,,,,,,
임산부감기,,,,,,
임산부독감,,,,,,
임산부식단,,,,,,
임산부차,o,1,쇼핑지름신,405,2026-05-29,https://cafe.naver.com/shopjirmsin/11313842?art=ZXh0ZXJuYWwtc2VydmljZS1uYXZlci1zZWFyY2gtY2FmZS1wcg.eyJhbGciOiJIUzI1NiIsInR5cCI6IkpXVCJ9.eyJjYWZlVHlwZSI6IkNBRkVfVVJMIiwiY2FmZVVybCI6InNob3BqaXJtc2luIiwiYXJ0aWNsZUlkIjoxMTMxMzg0MiwiaXNzdWVkQXQiOjE3ODE0MjcwOTA0ODB9.gW-Wc7FJyh-7zvPN6DRA6ZUufnsfRqvto4zvGeA688E
임산부철분,,,,,,
임산부철분제,,,,,,
임산부체리,,,,,,
임산부체온,,,,,,
임산부카페인,,,,,,
임산부칼슘,,,,,,
임산부커피,,,,,,
임산부마그네슘,,,,,,
임산부생일선물,,,,,,
임산부비타민D,,,,,,
임산부선물추천,,,,,,
임산부에게좋은음식,,,,,,
임산부엽산추천,,,,,,
임산부오메가3,,,,,,
임산부종합비타민,,,,,,
임산부좋은음식,,,,,,
초기임산부선물,,,,,,
산모선물,,,,,,
임산부영양제복용시기,,,,,,
임산부영양제시기,,,,,,
임산부영양제추천,,,,,,
산후영양제,,,,,,
산모영양제,,,,,,
수유부영양제,,,,,,
임산부엽산,,,,,,
임산부음식추천,,,,,,
임산부금지음식,o,1 | 4,쇼핑지름신 | 샤넬오픈런,622,2026-03-24,https://cafe.naver.com/shopjirmsin/11155460?art=ZXh0ZXJuYWwtc2VydmljZS1uYXZlci1zZWFyY2gtY2FmZS1wcg.eyJhbGciOiJIUzI1NiIsInR5cCI6IkpXVCJ9.eyJjYWZlVHlwZSI6IkNBRkVfVVJMIiwiY2FmZVVybCI6InNob3BqaXJtc2luIiwiYXJ0aWNsZUlkIjoxMTE1NTQ2MCwiaXNzdWVkQXQiOjE3ODE0MjcxNjI1MTJ9.b8k15BXq54E0R-E_sqgrApwA_-wAr6_ARkMCCxOXTkc | https://cafe.naver.com/shoppingtpw/280591?art=ZXh0ZXJuYWwtc2VydmljZS1uYXZlci1zZWFyY2gtY2FmZS1wcg.eyJhbGciOiJIUzI1NiIsInR5cCI6IkpXVCJ9.eyJjYWZlVHlwZSI6IkNBRkVfVVJMIiwiY2FmZVVybCI6InNob3BwaW5ndHB3IiwiYXJ0aWNsZUlkIjoyODA1OTEsImlzc3VlZEF0IjoxNzgxNDI3MTYyNTEyfQ.4n99h3FnIGaicmW5OF70naexE5nQP3xe-nlrQzFn120
임산부과일,,,,,,
임산부비타민,,,,,,
임산부속쓰림,,,,,,
임산부붓기차,o,2,쇼핑지름신,405,2026-05-29,https://cafe.naver.com/shopjirmsin/11313842?art=ZXh0ZXJuYWwtc2VydmljZS1uYXZlci1zZWFyY2gtY2FmZS1wcg.eyJhbGciOiJIUzI1NiIsInR5cCI6IkpXVCJ9.eyJjYWZlVHlwZSI6IkNBRkVfVVJMIiwiY2FmZVVybCI6InNob3BqaXJtc2luIiwiYXJ0aWNsZUlkIjoxMTMxMzg0MiwiaXNzdWVkQXQiOjE3ODE0MjcxNzYzNzZ9.En6yRdfhbpFVniNyTdG8gt98bNq1eoJXnQ-vDcl7g4A
산모음식,o,2,샤넬오픈런,,,https://cafe.naver.com/shoppingtpw/301019?art=ZXh0ZXJuYWwtc2VydmljZS1uYXZlci1zZWFyY2gtY2FmZS1wcg.eyJhbGciOiJIUzI1NiIsInR5cCI6IkpXVCJ9.eyJjYWZlVHlwZSI6IkNBRkVfVVJMIiwiY2FmZVVybCI6InNob3BwaW5ndHB3IiwiYXJ0aWNsZUlkIjozMDEwMTksImlzc3VlZEF0IjoxNzgxNDI3MTc4NjIwfQ.r8iJ5qNfIeOo3EAwevUP2U9zUrieRqlc0tKZMJmkq3Q
출산후좋은음식,o,1 | 3,쇼핑지름신 | 샤넬오픈런,305,2026-03-09,https://cafe.naver.com/shopjirmsin/11117864?art=ZXh0ZXJuYWwtc2VydmljZS1uYXZlci1zZWFyY2gtY2FmZS1wcg.eyJhbGciOiJIUzI1NiIsInR5cCI6IkpXVCJ9.eyJjYWZlVHlwZSI6IkNBRkVfVVJMIiwiY2FmZVVybCI6InNob3BqaXJtc2luIiwiYXJ0aWNsZUlkIjoxMTExNzg2NCwiaXNzdWVkQXQiOjE3ODE0MjcxODA2NjZ9.4AM8Wbo_Expi6U9wrjSfa7zQflQWaayOth8E4w5vqvY | https://cafe.naver.com/shoppingtpw/292578?art=ZXh0ZXJuYWwtc2VydmljZS1uYXZlci1zZWFyY2gtY2FmZS1wcg.eyJhbGciOiJIUzI1NiIsInR5cCI6IkpXVCJ9.eyJjYWZlVHlwZSI6IkNBRkVfVVJMIiwiY2FmZVVybCI6InNob3BwaW5ndHB3IiwiYXJ0aWNsZUlkIjoyOTI1NzgsImlzc3VlZEF0IjoxNzgxNDI3MTgwNjY2fQ.AzwahF6z7KalCXDCt4mRadOIsysjjuqA-D8ATLz45VA
산모에게좋은음식,o,1,쇼핑지름신,467,2026-03-21,https://cafe.naver.com/shopjirmsin/11146281?art=ZXh0ZXJuYWwtc2VydmljZS1uYXZlci1zZWFyY2gtY2FmZS1wcg.eyJhbGciOiJIUzI1NiIsInR5cCI6IkpXVCJ9.eyJjYWZlVHlwZSI6IkNBRkVfVVJMIiwiY2FmZVVybCI6InNob3BqaXJtc2luIiwiYXJ0aWNsZUlkIjoxMTE0NjI4MSwiaXNzdWVkQXQiOjE3ODE0MjcxODQ5OTN9.8HzQNqapil8YXJyZKgFQqTE5SbtIJZnCjYreNazcMQM
임산부흑염소,o,8,쇼핑지름신,245,2026-04-20,https://cafe.naver.com/shopjirmsin/11221560?art=ZXh0ZXJuYWwtc2VydmljZS1uYXZlci1zZWFyY2gtY2FmZS1wcg.eyJhbGciOiJIUzI1NiIsInR5cCI6IkpXVCJ9.eyJjYWZlVHlwZSI6IkNBRkVfVVJMIiwiY2FmZVVybCI6InNob3BqaXJtc2luIiwiYXJ0aWNsZUlkIjoxMTIyMTU2MCwiaXNzdWVkQXQiOjE3ODE0MjcxODc0NjR9.q-hhRygiiS6gqvM7-QGatXwNrYzPvyCe0MOtOnnXAXY
임신준비흑염소,,,,,,
임신초기좋은음식,,,,,,
임신초기음식,,,,,,
임신초기증상,,,,,,
임신초기아랫배통증,,,,,,
임신초기영양제,,,,,,
임신극초기증상,,,,,,
임신안정기,,,,,,
임신중기영양제,,,,,,
산후조리음식,o,3,쇼핑지름신,90,2026-03-05,https://cafe.naver.com/shopjirmsin/11108751?art=ZXh0ZXJuYWwtc2VydmljZS1uYXZlci1zZWFyY2gtY2FmZS1wcg.eyJhbGciOiJIUzI1NiIsInR5cCI6IkpXVCJ9.eyJjYWZlVHlwZSI6IkNBRkVfVVJMIiwiY2FmZVVybCI6InNob3BqaXJtc2luIiwiYXJ0aWNsZUlkIjoxMTEwODc1MSwiaXNzdWVkQXQiOjE3ODE0MjcyMTY0Mjl9.3p2JlQv9IN-wTOojc9axUPX9tKhnOcaWsyg5_F2H99Q
임신초기소화불량,,,,,,
임산부소화불량,,,,,,
흑염소진액효능,,,,,,
흑염소진액복용법,,,,,,
흑염소진액효과,,,,,,
흑염소진액추천,,,,,,
흑염소진액임신,,,,,,
흑염소진액가격,o,3,쇼핑지름신,131,2026-05-18,https://cafe.naver.com/shopjirmsin/11286342?art=ZXh0ZXJuYWwtc2VydmljZS1uYXZlci1zZWFyY2gtY2FmZS1wcg.eyJhbGciOiJIUzI1NiIsInR5cCI6IkpXVCJ9.eyJjYWZlVHlwZSI6IkNBRkVfVVJMIiwiY2FmZVVybCI6InNob3BqaXJtc2luIiwiYXJ0aWNsZUlkIjoxMTI4NjM0MiwiaXNzdWVkQXQiOjE3ODE0MjcyOTYwNjB9.GAoVHVrG7rhR75rZY9Pak2zY13J6mFqsM24ajFtattQ
국내산흑염소진액,,,,,,
흑염소엑기스,,,,,,
흑염소즙,,,,,,
흑염소,,,,,,
흑염소효능,,,,,,
흑염소탕,,,,,,
흑염소고기,,,,,,
흑염소즙효능,,,,,,
흑염소탕효능,,,,,,
흑염소엑기스효능,,,,,,
염소즙효능,,,,,,
염소진액,,,,,,
염소진액효능,,,,,,
염소효능,,,,,,
염소탕효능,,,,,,
흙염소진액,,,,,,
흙염소진액효능,,,,,,
당뇨흑염소,o,7,샤넬오픈런,,,https://cafe.naver.com/shoppingtpw/284814?art=ZXh0ZXJuYWwtc2VydmljZS1uYXZlci1zZWFyY2gtY2FmZS1wcg.eyJhbGciOiJIUzI1NiIsInR5cCI6IkpXVCJ9.eyJjYWZlVHlwZSI6IkNBRkVfVVJMIiwiY2FmZVVybCI6InNob3BwaW5ndHB3IiwiYXJ0aWNsZUlkIjoyODQ4MTQsImlzc3VlZEF0IjoxNzgxNDI3MzMyNTgzfQ.B1y8flOmIwG3F7N3hemoXCAuPdDdT-KQTB8ozU-I2RY
어린이흑염소,,,,,,
흑염소즙임신,,,,,,
흑염소효능여성,o,4,쇼핑지름신,1006,2026-03-08,https://cafe.naver.com/shopjirmsin/11115014?art=ZXh0ZXJuYWwtc2VydmljZS1uYXZlci1zZWFyY2gtY2FmZS1wcg.eyJhbGciOiJIUzI1NiIsInR5cCI6IkpXVCJ9.eyJjYWZlVHlwZSI6IkNBRkVfVVJMIiwiY2FmZVVybCI6InNob3BqaXJtc2luIiwiYXJ0aWNsZUlkIjoxMTExNTAxNCwiaXNzdWVkQXQiOjE3ODE0MjczMzgzMTJ9.4oIw6EXG9YnED23X7YPgqewguo4uh1Ml9zbf-QuklAY
흑염소엑기스복용법,,,,,,
흑염소진액효능부작용,,,,,,
흑염소진액먹는법,o,9,쇼핑지름신,135,2026-04-19,https://cafe.naver.com/shopjirmsin/11218541?art=ZXh0ZXJuYWwtc2VydmljZS1uYXZlci1zZWFyY2gtY2FmZS1wcg.eyJhbGciOiJIUzI1NiIsInR5cCI6IkpXVCJ9.eyJjYWZlVHlwZSI6IkNBRkVfVVJMIiwiY2FmZVVybCI6InNob3BqaXJtc2luIiwiYXJ0aWNsZUlkIjoxMTIxODU0MSwiaXNzdWVkQXQiOjE3ODE0MjczNDU1ODN9.kvx5W6P2XxikKda1Jr3iIX6hfgrZUBVx8lzeeR8dwEM
남자흑염소,,,,,,
익모초,,,,,,
보중익기탕,o,1,쇼핑지름신,666,2026-03-10,https://cafe.naver.com/shopjirmsin/11119201?art=ZXh0ZXJuYWwtc2VydmljZS1uYXZlci1zZWFyY2gtY2FmZS1wcg.eyJhbGciOiJIUzI1NiIsInR5cCI6IkpXVCJ9.eyJjYWZlVHlwZSI6IkNBRkVfVVJMIiwiY2FmZVVybCI6InNob3BqaXJtc2luIiwiYXJ0aWNsZUlkIjoxMTExOTIwMSwiaXNzdWVkQXQiOjE3ODE0MjczNTA2Nzh9.eLAgnz4H45wBrkLHomHgPWWWB5_n1a9EtRdqkF8mEoU
소화불량원인,,,,,,
임신흑염소진액,,,,,,
염소즙,,,,,,
흑염소중탕,o,3,쇼핑지름신,89,2026-05-02,https://cafe.naver.com/shopjirmsin/11249954?art=ZXh0ZXJuYWwtc2VydmljZS1uYXZlci1zZWFyY2gtY2FmZS1wcg.eyJhbGciOiJIUzI1NiIsInR5cCI6IkpXVCJ9.eyJjYWZlVHlwZSI6IkNBRkVfVVJMIiwiY2FmZVVybCI6InNob3BqaXJtc2luIiwiYXJ0aWNsZUlkIjoxMTI0OTk1NCwiaXNzdWVkQXQiOjE3ODE0MjczNTc5NTd9.R2dTyYHUYOv1YRqykj52FbPO97Gg8JoyaGaQ6B9WMvU
흑염소효능남성,,,,,,
기력회복,,,,,,
노인기력회복,o,12,샤넬오픈런,,,https://cafe.naver.com/shoppingtpw/281037?art=ZXh0ZXJuYWwtc2VydmljZS1uYXZlci1zZWFyY2gtY2FmZS1wcg.eyJhbGciOiJIUzI1NiIsInR5cCI6IkpXVCJ9.eyJjYWZlVHlwZSI6IkNBRkVfVVJMIiwiY2FmZVVybCI6InNob3BwaW5ndHB3IiwiYXJ0aWNsZUlkIjoyODEwMzcsImlzc3VlZEF0IjoxNzgxNDI3MzY0OTg5fQ.BduKLiJKMSu2Mc7LmyemO1YyYl4LJ5niCw5YfBlcgdY
기력회복한약,o,9,샤넬오픈런,,,https://cafe.naver.com/shoppingtpw/279117?art=ZXh0ZXJuYWwtc2VydmljZS1uYXZlci1zZWFyY2gtY2FmZS1wcg.eyJhbGciOiJIUzI1NiIsInR5cCI6IkpXVCJ9.eyJjYWZlVHlwZSI6IkNBRkVfVVJMIiwiY2FmZVVybCI6InNob3BwaW5ndHB3IiwiYXJ0aWNsZUlkIjoyNzkxMTcsImlzc3VlZEF0IjoxNzgxNDI3MzY3MDAxfQ.oDfqdt6Sh2MIxLcMtSihC8ni24ysBgNwOIh_9ahZSqE
기운없을때,,,,,,
남성활력제,,,,,,
만성피로증상,,,,,,
만성피로해결,,,,,,
만성피로원인,,,,,,
피곤할때,,,,,,
홍삼의효능,,,,,,
홍삼효능,,,,,,
홍삼종류,,,,,,
홍삼복용시간,,,,,,
동충하초,,,,,,
동충하초효능,o,2,쇼핑지름신,421,2026-03-07,https://cafe.naver.com/shopjirmsin/11112826?art=ZXh0ZXJuYWwtc2VydmljZS1uYXZlci1zZWFyY2gtY2FmZS1wcg.eyJhbGciOiJIUzI1NiIsInR5cCI6IkpXVCJ9.eyJjYWZlVHlwZSI6IkNBRkVfVVJMIiwiY2FmZVVybCI6InNob3BqaXJtc2luIiwiYXJ0aWNsZUlkIjoxMTExMjgyNiwiaXNzdWVkQXQiOjE3ODE0MjczODg5Mjl9.my4SfA20SGI-ykUrzt139xuRjmnT55tA0JjO4musAWk
동충하초버섯,,,,,,
영지버섯효능,,,,,,
영지버섯부작용,,,,,,
홍삼부작용,o,2,샤넬오픈런,,,https://cafe.naver.com/shoppingtpw/281805?art=ZXh0ZXJuYWwtc2VydmljZS1uYXZlci1zZWFyY2gtY2FmZS1wcg.eyJhbGciOiJIUzI1NiIsInR5cCI6IkpXVCJ9.eyJjYWZlVHlwZSI6IkNBRkVfVVJMIiwiY2FmZVVybCI6InNob3BwaW5ndHB3IiwiYXJ0aWNsZUlkIjoyODE4MDUsImlzc3VlZEF0IjoxNzgxNDI3Mzk2NzEzfQ.2U2b2eMgMhDy7BdGgw0uN0oWtAoIGEwj9Z-mMxr2cWM
도라지효능,,,,,,
약도라지효능,,,,,,
당귀,,,,,,
당귀효능,o,1,샤넬오픈런,,,https://cafe.naver.com/shoppingtpw/281941?art=ZXh0ZXJuYWwtc2VydmljZS1uYXZlci1zZWFyY2gtY2FmZS1wcg.eyJhbGciOiJIUzI1NiIsInR5cCI6IkpXVCJ9.eyJjYWZlVHlwZSI6IkNBRkVfVVJMIiwiY2FmZVVybCI6InNob3BwaW5ndHB3IiwiYXJ0aWNsZUlkIjoyODE5NDEsImlzc3VlZEF0IjoxNzgxNDI3NDA0NTc4fQ.BdQTMq8EnFRoBf3qQQURkNNI66l3n5jLQSNMzEg6gQY
천궁,,,,,,
천궁효능,,,,,,
감초,,,,,,
감초효능,,,,,,
감초부작용,,,,,,
당귀부작용,,,,,,
황기효능,,,,,,
숙지황,,,,,,
숙지황효능,,,,,,
숙지황부작용,o,1,쇼핑지름신,1148,2026-03-09,https://cafe.naver.com/shopjirmsin/11117655?art=ZXh0ZXJuYWwtc2VydmljZS1uYXZlci1zZWFyY2gtY2FmZS1wcg.eyJhbGciOiJIUzI1NiIsInR5cCI6IkpXVCJ9.eyJjYWZlVHlwZSI6IkNBRkVfVVJMIiwiY2FmZVVybCI6InNob3BqaXJtc2luIiwiYXJ0aWNsZUlkIjoxMTExNzY1NSwiaXNzdWVkQXQiOjE3ODE0Mjc0MjI0NTd9.oqX1Ggg0T1DFkzJG2gFO7q6pfo8LFV3G_cinBDztgL8
익모초효능,,,,,,
백출,,,,,,
백출효능,,,,,,
복령,,,,,,
복령효능,,,,,,
대추효능,,,,,,
녹용,,,,,,
녹용효능,,,,,,
녹용효능효과,,,,,,
면역력영양제,,,,,,
성인면역력영양제,,,,,,
어린이면역력영양제,,,,,,
면역력높이는영양제,,,,,,
면역력에좋은영양제,o,3,쇼핑지름신,271,2026-05-18,https://cafe.naver.com/shopjirmsin/11287647?art=ZXh0ZXJuYWwtc2VydmljZS1uYXZlci1zZWFyY2gtY2FmZS1wcg.eyJhbGciOiJIUzI1NiIsInR5cCI6IkpXVCJ9.eyJjYWZlVHlwZSI6IkNBRkVfVVJMIiwiY2FmZVVybCI6InNob3BqaXJtc2luIiwiYXJ0aWNsZUlkIjoxMTI4NzY0NywiaXNzdWVkQXQiOjE3ODE0Mjc0NTE2MDh9.4dsZkKRpih9YA1SavG4SnxgPNWmOhn8FLcnNsP_kJnY
면역영양제,,,,,,
키성장영양제,,,,,,
키영양제,,,,,,
키크는영양제,,,,,,
만성피로영양제,,,,,,
스트레스영양제,,,,,,
피곤할때영양제,o,8,샤넬오픈런,,,https://cafe.naver.com/shoppingtpw/291807?art=ZXh0ZXJuYWwtc2VydmljZS1uYXZlci1zZWFyY2gtY2FmZS1wcg.eyJhbGciOiJIUzI1NiIsInR5cCI6IkpXVCJ9.eyJjYWZlVHlwZSI6IkNBRkVfVVJMIiwiY2FmZVVybCI6InNob3BwaW5ndHB3IiwiYXJ0aWNsZUlkIjoyOTE4MDcsImlzc3VlZEF0IjoxNzgxNDI3NDY3MzQzfQ.aqV9i0JMHvgY12jwE4O6vRp5qpY9vq5yypLHZxwRRjo
건강기능식품,,,,,,
당뇨영양제,,,,,,
비타민영양제,,,,,,
임산부영양제,,,,,,
임신영양제,,,,,,
철분영양제,,,,,,
필수영양제,,,,,,
혈당영양제,,,,,,
혈관영양제,,,,,,
칼륨영양제,,,,,,
혈압영양제,,,,,,
간에좋은영양제,,,,,,
마그네슘영양제,,,,,,
위에좋은영양제,,,,,,
당뇨에좋은영양제,,,,,,
혈관에좋은영양제,,,,,,
갱년기영양제,,,,,,
피로회복영양제,,,,,,
뼈에좋은영양제,,,,,,
관절에좋은영양제,,,,,,
관절영양제,,,,,,
무릎관절영양제,,,,,,
관절연골영양제,,,,,,
성장기영양제,,,,,,
고3영양제,,,,,,
기억력영양제,,,,,,
고등학생키크는영양제,,,,,,
콜레스테롤약,,,,,,
고지혈증영양제,,,,,,
콜레스테롤영양제,,,,,,
칼슘,,,,,,
에스트로겐영양제,,,,,,
빈혈영양제,,,,,,
빈혈에좋은영양제,,,,,,
빈혈철분제,,,,,,
변비없는철분제,,,,,,
혈액순환영양제,,,,,,
혈액순환개선제,,,,,,
손발저림영양제,o,3,샤넬오픈런,,,https://cafe.naver.com/shoppingtpw/283942?art=ZXh0ZXJuYWwtc2VydmljZS1uYXZlci1zZWFyY2gtY2FmZS1wcg.eyJhbGciOiJIUzI1NiIsInR5cCI6IkpXVCJ9.eyJjYWZlVHlwZSI6IkNBRkVfVVJMIiwiY2FmZVVybCI6InNob3BwaW5ndHB3IiwiYXJ0aWNsZUlkIjoyODM5NDIsImlzc3VlZEF0IjoxNzgxNDI3NjE0OTA0fQ._AlsLHIzFDlnDXsNEvsbjHmZLahDVtkablkAyojC_nE
십전대보탕,,,,,,
십전대보탕효과,,,,,,
십전대보탕효능,,,,,,
공진단,,,,,,
공진단효능,,,,,,
공진단효과,,,,,,
사향공진단,,,,,,
공진단먹는법,,,,,,
경옥고효능,,,,,,
동의보감,,,,,,
입맛없을때음식,,,,,,
면역력높이는음식,,,,,,
당뇨에좋은음식,,,,,,
장염에좋은음식,,,,,,
신장에좋은음식,,,,,,
간에좋은음식,,,,,,
감기에좋은음식,,,,,,
염증에좋은음식,,,,,,
빈혈에좋은음식,,,,,,
위염에좋은음식,,,,,,
갱년기에좋은음식,,,,,,
고지혈증좋은음식,,,,,,
고혈압에좋은음식,,,,,,
기관지에좋은음식,,,,,,
당뇨에안좋은음식,,,,,,
감기에좋은차,,,,,,
혈당낮추는음식,,,,,,
정력에좋은음식,,,,,,
감기몸살에좋은음식,o,2,샤넬오픈런,,,https://cafe.naver.com/shoppingtpw/276971?art=ZXh0ZXJuYWwtc2VydmljZS1uYXZlci1zZWFyY2gtY2FmZS1wcg.eyJhbGciOiJIUzI1NiIsInR5cCI6IkpXVCJ9.eyJjYWZlVHlwZSI6IkNBRkVfVVJMIiwiY2FmZVVybCI6InNob3BwaW5ndHB3IiwiYXJ0aWNsZUlkIjoyNzY5NzEsImlzc3VlZEF0IjoxNzgxNDI3Njc3NDAyfQ.zWhpQTsn3I3-HlzQLZvEKByiARvSFSO5DTUcG0_ESW4
뼈에좋은음식,,,,,,
뼈에좋은식품,,,,,,
뼈골절에좋은음식,,,,,,
관절에좋은음식,o,6,샤넬오픈런,,,https://cafe.naver.com/shoppingtpw/299011?art=ZXh0ZXJuYWwtc2VydmljZS1uYXZlci1zZWFyY2gtY2FmZS1wcg.eyJhbGciOiJIUzI1NiIsInR5cCI6IkpXVCJ9.eyJjYWZlVHlwZSI6IkNBRkVfVVJMIiwiY2FmZVVybCI6InNob3BwaW5ndHB3IiwiYXJ0aWNsZUlkIjoyOTkwMTEsImlzc3VlZEF0IjoxNzgxNDI3Njg1NjkyfQ.PQjb2Aj0lkEgboIrQo9UDLEbrhzpGFD85QVqxWqf7gA
간수치낮추는음식,,,,,,
고지혈증식단,,,,,,
당뇨식단,,,,,,
콜레스테롤수치낮추는음식,,,,,,
콜레스테롤에좋은음식,,,,,,
빈혈음식,,,,,,
비타민B12음식,,,,,,
혈액순환에좋은음식,,,,,,
혈액순환음식,,,,,,
간수치낮추는법,,,,,,
면역력높이는법,,,,,,
혈압낮추는법,,,,,,
당수치낮추는법,,,,,,
공복혈당낮추는법,,,,,,
고혈압낮추는방법,,,,,,
혈압낮추는방법,,,,,,
공복혈당낮추기,,,,,,
염증수치낮추는방법,,,,,,
중성지방낮추는법,,,,,,
당화혈색소낮추기,,,,,,
집중력높이는법,,,,,,
골밀도높이는법,,,,,,
신진대사높이는법,,,,,,
기억력좋아지는법,,,,,,
혈액순환안될때,,,,,,
비타민E,,,,,,
비타민E효능,,,,,,
비타민E권장량,,,,,,
비타민E영양제,o,4,쇼핑지름신,1428,2026-03-10,https://cafe.naver.com/shopjirmsin/11120858?art=ZXh0ZXJuYWwtc2VydmljZS1uYXZlci1zZWFyY2gtY2FmZS1wcg.eyJhbGciOiJIUzI1NiIsInR5cCI6IkpXVCJ9.eyJjYWZlVHlwZSI6IkNBRkVfVVJMIiwiY2FmZVVybCI6InNob3BqaXJtc2luIiwiYXJ0aWNsZUlkIjoxMTEyMDg1OCwiaXNzdWVkQXQiOjE3ODE0Mjc3NTIwNTZ9.5FxnqG6YgXjNQuJFFKO3P3eAsrz2FwaMU_Ah-C3yEPk
비타민E부작용,,,,,,
아라키돈산,,,,,,
아라키돈산효능,,,,,,
아라키돈산영양제,,,,,,
비타민b12,,,,,,
비타민B12효능,o,3,쇼핑지름신,419,2026-03-10,https://cafe.naver.com/shopjirmsin/11120515?art=ZXh0ZXJuYWwtc2VydmljZS1uYXZlci1zZWFyY2gtY2FmZS1wcg.eyJhbGciOiJIUzI1NiIsInR5cCI6IkpXVCJ9.eyJjYWZlVHlwZSI6IkNBRkVfVVJMIiwiY2FmZVVybCI6InNob3BqaXJtc2luIiwiYXJ0aWNsZUlkIjoxMTEyMDUxNSwiaXNzdWVkQXQiOjE3ODE0Mjc3NzA1MTh9.VSzr2S-M2e8V-KsSM1Ln2zos_6qcJg4UOMzbyJaEYfE
비타민B12영양제,,,,,,
비타민B12권장량,o,2,샤넬오픈런,,,https://cafe.naver.com/shoppingtpw/282482?art=ZXh0ZXJuYWwtc2VydmljZS1uYXZlci1zZWFyY2gtY2FmZS1wcg.eyJhbGciOiJIUzI1NiIsInR5cCI6IkpXVCJ9.eyJjYWZlVHlwZSI6IkNBRkVfVVJMIiwiY2FmZVVybCI6InNob3BwaW5ndHB3IiwiYXJ0aWNsZUlkIjoyODI0ODIsImlzc3VlZEF0IjoxNzgxNDI3Nzc2MzU3fQ.HKBqm6HUWRZBe-U31a6JPGMI645majt_MnNMl2AsR9M
공복혈당수치,,,,,,
당뇨정상수치,,,,,,
당뇨증상,,,,,,
당뇨초기증상,,,,,,
당뇨환자식단,,,,,,
골다공증수치,,,,,,
고혈압증상,,,,,,
고혈압원인,,,,,,
공복혈당높은이유,,,,,,
고밀도콜레스테롤,,,,,,
고콜레스테롤,,,,,,
고콜레스테롤혈증,,,,,,
고콜레스테롤혈증의심,,,,,,
고혈압,,,,,,
고혈압수치,,,,,,
콜레스테롤수치,,,,,,
LDL콜레스테롤,,,,,,
HDL콜레스테롤,,,,,,
저밀도콜레스테롤,,,,,,
중성지방수치,,,,,,
중성지방정상수치,,,,,,
에스트로겐과다,o,3,쇼핑지름신,1200,2026-02-25,https://cafe.naver.com/shopjirmsin/11089080?art=ZXh0ZXJuYWwtc2VydmljZS1uYXZlci1zZWFyY2gtY2FmZS1wcg.eyJhbGciOiJIUzI1NiIsInR5cCI6IkpXVCJ9.eyJjYWZlVHlwZSI6IkNBRkVfVVJMIiwiY2FmZVVybCI6InNob3BqaXJtc2luIiwiYXJ0aWNsZUlkIjoxMTA4OTA4MCwiaXNzdWVkQXQiOjE3ODE0Mjc4NDk2OTh9.HdulpaX-CvYNoiYJim33KljuLw9Zz27DlprkGzC7Tlk
에스트로겐부족,,,,,,
근감소증,,,,,,
근감소증증상,o,2,쇼핑지름신,354,2026-03-08,https://cafe.naver.com/shopjirmsin/11113974?art=ZXh0ZXJuYWwtc2VydmljZS1uYXZlci1zZWFyY2gtY2FmZS1wcg.eyJhbGciOiJIUzI1NiIsInR5cCI6IkpXVCJ9.eyJjYWZlVHlwZSI6IkNBRkVfVVJMIiwiY2FmZVVybCI6InNob3BqaXJtc2luIiwiYXJ0aWNsZUlkIjoxMTExMzk3NCwiaXNzdWVkQXQiOjE3ODE0Mjc4NTg5ODR9.kDUO4Yp00p5E1tVfuyHT79AYXBiI2rXRJBKIJzT2TrA
빈혈,,,,,,
빈혈증상,,,,,,
빈혈수치,,,,,,
빈혈원인,,,,,,
빈혈치료,,,,,,
철결핍성빈혈,,,,,,
생리빈혈,,,,,,
악성빈혈,,,,,,
소화불량,,,,,,
소화불량증상,,,,,,
만성위염,,,,,,
혈액순환,,,,,,
레이노증후군,,,,,,
기립성저혈압,,,,,,
기립성저혈압증상,,,,,,
기립성저혈압치료,,,,,,
기립성저혈압원인,,,,,,
눈떨림,,,,,,
숙취,,,,,,
50대남자생일선물,,,,,,
수족냉증치료,,,,,,
수족냉증원인,,,,,,
수족냉증영양제,,,,,,
수족냉증병원,,,,,,
수족냉증에좋은차,,,,,,
수족냉증음식,,,,,,
수족냉증약,,,,,,
수족냉증에좋은음식,o,5,샤넬오픈런,,,https://cafe.naver.com/shoppingtpw/287193?art=ZXh0ZXJuYWwtc2VydmljZS1uYXZlci1zZWFyY2gtY2FmZS1wcg.eyJhbGciOiJIUzI1NiIsInR5cCI6IkpXVCJ9.eyJjYWZlVHlwZSI6IkNBRkVfVVJMIiwiY2FmZVVybCI6InNob3BwaW5ndHB3IiwiYXJ0aWNsZUlkIjoyODcxOTMsImlzc3VlZEF0IjoxNzgxNDI3OTI1NDY2fQ.UPAOxfAsUebwGV8bDxd0XkR6M4bGFhlOoWajamKCFh8
수족냉증다한증,,,,,,
수족냉증선물,o,2 | 3,쇼핑지름신 | 샤넬오픈런,86,2026-05-15,https://cafe.naver.com/shopjirmsin/11281216?art=ZXh0ZXJuYWwtc2VydmljZS1uYXZlci1zZWFyY2gtY2FmZS1wcg.eyJhbGciOiJIUzI1NiIsInR5cCI6IkpXVCJ9.eyJjYWZlVHlwZSI6IkNBRkVfVVJMIiwiY2FmZVVybCI6InNob3BqaXJtc2luIiwiYXJ0aWNsZUlkIjoxMTI4MTIxNiwiaXNzdWVkQXQiOjE3ODE0Mjc5Mjk3MTJ9.1QMAoIz6F9Z5hsLoS1JrEExOm4OOm-9nXGFBE-_x-TI | https://cafe.naver.com/shoppingtpw/287193?art=ZXh0ZXJuYWwtc2VydmljZS1uYXZlci1zZWFyY2gtY2FmZS1wcg.eyJhbGciOiJIUzI1NiIsInR5cCI6IkpXVCJ9.eyJjYWZlVHlwZSI6IkNBRkVfVVJMIiwiY2FmZVVybCI6InNob3BwaW5ndHB3IiwiYXJ0aWNsZUlkIjoyODcxOTMsImlzc3VlZEF0IjoxNzgxNDI3OTI5NzEyfQ.8Po32nT5QQWFwIhjbguMXmbnc8a_rQBGtraC9RxR-HI
수족냉증땀,o,3,샤넬오픈런,,,https://cafe.naver.com/shoppingtpw/281976?art=ZXh0ZXJuYWwtc2VydmljZS1uYXZlci1zZWFyY2gtY2FmZS1wcg.eyJhbGciOiJIUzI1NiIsInR5cCI6IkpXVCJ9.eyJjYWZlVHlwZSI6IkNBRkVfVVJMIiwiY2FmZVVybCI6InNob3BwaW5ndHB3IiwiYXJ0aWNsZUlkIjoyODE5NzYsImlzc3VlZEF0IjoxNzgxNDI3OTMxNzMzfQ.zcW-0XeRVeuMDIGGGTDk4hRVJCzmTxfoTIAtyFwWP3o
수족냉증치료법,,,,,,
손발이차가운원인,,,,,,
손발이차가울때,,,,,,
손발저림증상,,,,,,
손발저림원인,,,,,,
수족냉증치료방법,,,,,,
수족냉증치료음식,,,,,,
수족냉증양말,,,,,,
수족냉증임신,,,,,,
수족냉증족욕,,,,,,
수족냉증한약,,,,,,
수족냉증한의원,,,,,,
족냉증,,,,,,
말초신경병증증상,,,,,,
남자수족냉증,,,,,,
임산부수족냉증,,,,,,
발이차가운원인,,,,,,
손발이차가울때영양제,o,4,샤넬오픈런,,,https://cafe.naver.com/shoppingtpw/281370?art=ZXh0ZXJuYWwtc2VydmljZS1uYXZlci1zZWFyY2gtY2FmZS1wcg.eyJhbGciOiJIUzI1NiIsInR5cCI6IkpXVCJ9.eyJjYWZlVHlwZSI6IkNBRkVfVVJMIiwiY2FmZVVybCI6InNob3BwaW5ndHB3IiwiYXJ0aWNsZUlkIjoyODEzNzAsImlzc3VlZEF0IjoxNzgxNDI3OTY5MjY2fQ.SqKCWEZqB5jjkva8Ol_qajgoDs5BurdrX3cQTw4PUCY
손발이차가울때좋은차,,,,,,
저체온증증상,,,,,,
저체온증,,,,,,
흑염소진액,,,,,,
엄마생신선물,,,,,,
철분많은음식,,,,,,
콜레스테롤 낮추는 음식,,,,,,
생강차,,,,,,
아빠생일선물,,,,,,
생강효능,,,,,,
단백질많은음식,,,,,,
코엔자임큐텐,,,,,,
대추차,,,,,,
어린이영양제,,,,,,
쌍화차,,,,,,
출산선물,,,,,,
생신선물,,,,,,
환갑선물,,,,,,
30대남자선물,,,,,,
엄마선물,,,,,,
침향환,,,,,,
시어머니생신선물,,,,,,
아버지생신선물,,,,,,
50대여자선물,,,,,,
50대 여자 선물,,,,,,
50대여자선물추천,o,10,쇼핑지름신,45,2026-03-16,https://cafe.naver.com/shopjirmsin/11134941?art=ZXh0ZXJuYWwtc2VydmljZS1uYXZlci1zZWFyY2gtY2FmZS1wcg.eyJhbGciOiJIUzI1NiIsInR5cCI6IkpXVCJ9.eyJjYWZlVHlwZSI6IkNBRkVfVVJMIiwiY2FmZVVybCI6InNob3BqaXJtc2luIiwiYXJ0aWNsZUlkIjoxMTEzNDk0MSwiaXNzdWVkQXQiOjE3ODE0MjgwMTgyMTR9.KcQWquEFtTTxIlmpOpHJOQYsmrvBOewLsVDri3Liufk
부모님생신선물,,,,,,
공진단가격,,,,,,
40대남자선물,,,,,,
염소탕,,,,,,
부모님선물,,,,,,
생강차효능,,,,,,
40대 여자 선물,,,,,,
40대여자선물,,,,,,
50대 엄마 생신선물,,,,,,
50대엄마생신선물,,,,,,
아버지선물,,,,,,
아빠선물,,,,,,
와이프 생일선물,,,,,,
결혼기념일 선물,,,,,,
장어즙,,,,,,
영지버섯,,,,,,
브라질너트,,,,,,
60대 엄마 생신선물,o,3 | 4,건강한노후준비 | 샤넬오픈런,32,2026-03-19,https://cafe.naver.com/freemapleafreecabj/30712?art=ZXh0ZXJuYWwtc2VydmljZS1uYXZlci1zZWFyY2gtY2FmZS1wcg.eyJhbGciOiJIUzI1NiIsInR5cCI6IkpXVCJ9.eyJjYWZlVHlwZSI6IkNBRkVfVVJMIiwiY2FmZVVybCI6ImZyZWVtYXBsZWFmcmVlY2FiaiIsImFydGljbGVJZCI6MzA3MTIsImlzc3VlZEF0IjoxNzgxNDI4MDUxNDc4fQ.lP2fZHtiBRqGxm_016KGxOOYhV-W5tOR19PWsyFvA-M | https://cafe.naver.com/shoppingtpw/295277?art=ZXh0ZXJuYWwtc2VydmljZS1uYXZlci1zZWFyY2gtY2FmZS1wcg.eyJhbGciOiJIUzI1NiIsInR5cCI6IkpXVCJ9.eyJjYWZlVHlwZSI6IkNBRkVfVVJMIiwiY2FmZVVybCI6InNob3BwaW5ndHB3IiwiYXJ0aWNsZUlkIjoyOTUyNzcsImlzc3VlZEF0IjoxNzgxNDI4MDUxNDc4fQ.zDytAKbiv5bV5ofUgrDA_023KsMOA-NiRkv3FB-Vzlg
60대엄마생신선물,o,2,샤넬오픈런,,,https://cafe.naver.com/shoppingtpw/295277?art=ZXh0ZXJuYWwtc2VydmljZS1uYXZlci1zZWFyY2gtY2FmZS1wcg.eyJhbGciOiJIUzI1NiIsInR5cCI6IkpXVCJ9.eyJjYWZlVHlwZSI6IkNBRkVfVVJMIiwiY2FmZVVybCI6InNob3BwaW5ndHB3IiwiYXJ0aWNsZUlkIjoyOTUyNzcsImlzc3VlZEF0IjoxNzgxNDI4MDUzMjU5fQ.h4xJXpFrmx5i87TlABKRo-OEc-_KwnfiCYqeu40fx4s
60대엄마생일선물,o,1 | 3,쇼핑지름신 | 샤넬오픈런,256,2026-04-06,https://cafe.naver.com/shopjirmsin/11185441?art=ZXh0ZXJuYWwtc2VydmljZS1uYXZlci1zZWFyY2gtY2FmZS1wcg.eyJhbGciOiJIUzI1NiIsInR5cCI6IkpXVCJ9.eyJjYWZlVHlwZSI6IkNBRkVfVVJMIiwiY2FmZVVybCI6InNob3BqaXJtc2luIiwiYXJ0aWNsZUlkIjoxMTE4NTQ0MSwiaXNzdWVkQXQiOjE3ODE0MjgwNTUzMDh9.HdPsgmZBDP41uRYQbdU0qVrk8H70pjDljuVSjmWLU4U | https://cafe.naver.com/shoppingtpw/295277?art=ZXh0ZXJuYWwtc2VydmljZS1uYXZlci1zZWFyY2gtY2FmZS1wcg.eyJhbGciOiJIUzI1NiIsInR5cCI6IkpXVCJ9.eyJjYWZlVHlwZSI6IkNBRkVfVVJMIiwiY2FmZVVybCI6InNob3BwaW5ndHB3IiwiYXJ0aWNsZUlkIjoyOTUyNzcsImlzc3VlZEF0IjoxNzgxNDI4MDU1MzA4fQ.jZfL7IZdBPG1sygslTw8CFKJ-gPEYSIeuiX0NM0lvFs
키즈영양제,,,,,,
장모님 선물,o,3,샤넬오픈런,,,https://cafe.naver.com/shoppingtpw/294846?art=ZXh0ZXJuYWwtc2VydmljZS1uYXZlci1zZWFyY2gtY2FmZS1wcg.eyJhbGciOiJIUzI1NiIsInR5cCI6IkpXVCJ9.eyJjYWZlVHlwZSI6IkNBRkVfVVJMIiwiY2FmZVVybCI6InNob3BwaW5ndHB3IiwiYXJ0aWNsZUlkIjoyOTQ4NDYsImlzc3VlZEF0IjoxNzgxNDI4MDU5MTY0fQ.q54lrj3__J9AUyqlBoXY0-lQRb7ftFXGXFvvISqC5So
장모님선물,o,3,샤넬오픈런,,,https://cafe.naver.com/shoppingtpw/294846?art=ZXh0ZXJuYWwtc2VydmljZS1uYXZlci1zZWFyY2gtY2FmZS1wcg.eyJhbGciOiJIUzI1NiIsInR5cCI6IkpXVCJ9.eyJjYWZlVHlwZSI6IkNBRkVfVVJMIiwiY2FmZVVybCI6InNob3BwaW5ndHB3IiwiYXJ0aWNsZUlkIjoyOTQ4NDYsImlzc3VlZEF0IjoxNzgxNDI4MDYxMzEwfQ.caoZ_GTRGdS28gGnEF6YrNiiQLu3Reht7J5LugClWkQ
장모님생신선물,o,5,쇼핑지름신,196,2026-04-16,https://cafe.naver.com/shopjirmsin/11212052?art=ZXh0ZXJuYWwtc2VydmljZS1uYXZlci1zZWFyY2gtY2FmZS1wcg.eyJhbGciOiJIUzI1NiIsInR5cCI6IkpXVCJ9.eyJjYWZlVHlwZSI6IkNBRkVfVVJMIiwiY2FmZVVybCI6InNob3BqaXJtc2luIiwiYXJ0aWNsZUlkIjoxMTIxMjA1MiwiaXNzdWVkQXQiOjE3ODE0MjgwNjMwMTh9.HPVaUOk9xqCrUZ--Y9hLhTmskRd5VBfGIECUIutRBF8
선생님선물,,,,,,
홍삼스틱,,,,,,
50대 남자 선물,,,,,,
50대남자선물,,,,,,
어머님생신선물,o,4,샤넬오픈런,,,https://cafe.naver.com/shoppingtpw/294886?art=ZXh0ZXJuYWwtc2VydmljZS1uYXZlci1zZWFyY2gtY2FmZS1wcg.eyJhbGciOiJIUzI1NiIsInR5cCI6IkpXVCJ9.eyJjYWZlVHlwZSI6IkNBRkVfVVJMIiwiY2FmZVVybCI6InNob3BwaW5ndHB3IiwiYXJ0aWNsZUlkIjoyOTQ4ODYsImlzc3VlZEF0IjoxNzgxNDI4MDcyNjY2fQ.C1CCn42MQ8NYoIy0-okIoEtmlJ6kJ0xto-Bk01Dhw9Q
부모님생일선물,,,,,,
시어머니선물,,,,,,
키크는음식,,,,,,
아버지환갑선물,o,1,쇼핑지름신,255,2026-03-16,https://cafe.naver.com/shopjirmsin/11135683?art=ZXh0ZXJuYWwtc2VydmljZS1uYXZlci1zZWFyY2gtY2FmZS1wcg.eyJhbGciOiJIUzI1NiIsInR5cCI6IkpXVCJ9.eyJjYWZlVHlwZSI6IkNBRkVfVVJMIiwiY2FmZVVybCI6InNob3BqaXJtc2luIiwiYXJ0aWNsZUlkIjoxMTEzNTY4MywiaXNzdWVkQXQiOjE3ODE0MjgwODAyOTl9.FBkuDSqcBO3nL106OyMTB28Ls9o0Nq5QS5BQ9nmJbG0
시아버지생신선물,,,,,,
엄마 환갑 선물,,,,,,
엄마환갑선물,,,,,,
햇생강,,,,,,
계피차,,,,,,
40대남자생일선물,,,,,,
자양강장제,,,,,,
대추청,,,,,,
아빠환갑선물,,,,,,
수험생영양제,,,,,,
장어진액,,,,,,
장인어른 선물,,,,,,
생강즙,,,,,,
영양제추천,,,,,,
출산선물추천,,,,,,
차종류,,,,,,
정읍쌍화차,,,,,,
고혈압음식,,,,,,
쌍화차효능,,,,,,
60대여자선물,,,,,,
어르신선물,,,,,,
부모님결혼기념일선물,,,,,,
원기회복 음식,,,,,,
자양강장,,,,,,
출산선물세트,,,,,,
몸보신음식,,,,,,
참다한홍삼,,,,,,
쑥차,,,,,,
살찌는음식,,,,,,
임신에 좋은 음식,o,1,쇼핑지름신,,,https://cafe.naver.com/shopjirmsin/11299040?art=ZXh0ZXJuYWwtc2VydmljZS1uYXZlci1zZWFyY2gtY2FmZS1wcg.eyJhbGciOiJIUzI1NiIsInR5cCI6IkpXVCJ9.eyJjYWZlVHlwZSI6IkNBRkVfVVJMIiwiY2FmZVVybCI6InNob3BqaXJtc2luIiwiYXJ0aWNsZUlkIjoxMTI5OTA0MCwiaXNzdWVkQXQiOjE3ODE0MjgxMzcyNTB9.wxDbpnRtMoyu0MYGryjehAss2jVGZFok13b63CXN1uc
임신에좋은음식,o,1,쇼핑지름신,,,https://cafe.naver.com/shopjirmsin/11299040?art=ZXh0ZXJuYWwtc2VydmljZS1uYXZlci1zZWFyY2gtY2FmZS1wcg.eyJhbGciOiJIUzI1NiIsInR5cCI6IkpXVCJ9.eyJjYWZlVHlwZSI6IkNBRkVfVVJMIiwiY2FmZVVybCI6InNob3BqaXJtc2luIiwiYXJ0aWNsZUlkIjoxMTI5OTA0MCwiaXNzdWVkQXQiOjE3ODE0MjgxMzk1NzJ9.kk44MHD15awmigiW3_e_Ur8sKo83QMvDDNNLzQ005O0
키즈홍삼,,,,,,
붓기차,o,1,쇼핑지름신,224,2026-06-01,https://cafe.naver.com/shopjirmsin/11320425?art=ZXh0ZXJuYWwtc2VydmljZS1uYXZlci1zZWFyY2gtY2FmZS1wcg.eyJhbGciOiJIUzI1NiIsInR5cCI6IkpXVCJ9.eyJjYWZlVHlwZSI6IkNBRkVfVVJMIiwiY2FmZVVybCI6InNob3BqaXJtc2luIiwiYXJ0aWNsZUlkIjoxMTMyMDQyNSwiaXNzdWVkQXQiOjE3ODE0MjgxNDQ0NDh9.39NzPWhOpEEKmKKPJLCx9iQnafM-eNRTVdaw7AU2QSM
건강차,,,,,,
정년퇴직선물,,,,,,
종합영양제추천,,,,,,
흑염소탕 효능,,,,,,
올인원비타민,,,,,,
당귀차,,,,,,
50대선물,,,,,,
흑염소 한마리 가격,o,4,쇼핑지름신,943,2026-03-25,https://cafe.naver.com/shopjirmsin/11158416?art=ZXh0ZXJuYWwtc2VydmljZS1uYXZlci1zZWFyY2gtY2FmZS1wcg.eyJhbGciOiJIUzI1NiIsInR5cCI6IkpXVCJ9.eyJjYWZlVHlwZSI6IkNBRkVfVVJMIiwiY2FmZVVybCI6InNob3BqaXJtc2luIiwiYXJ0aWNsZUlkIjoxMTE1ODQxNiwiaXNzdWVkQXQiOjE3ODE0MjgxNTg3ODZ9.b8kXTKpCVduzDex1rssHvtSMPnTY-Pd8JvLTAitvyA4
흑염소가격,o,6,쇼핑지름신,943,2026-03-25,https://cafe.naver.com/shopjirmsin/11158416?art=ZXh0ZXJuYWwtc2VydmljZS1uYXZlci1zZWFyY2gtY2FmZS1wcg.eyJhbGciOiJIUzI1NiIsInR5cCI6IkpXVCJ9.eyJjYWZlVHlwZSI6IkNBRkVfVVJMIiwiY2FmZVVybCI6InNob3BqaXJtc2luIiwiYXJ0aWNsZUlkIjoxMTE1ODQxNiwiaXNzdWVkQXQiOjE3ODE0MjgxNjA4NzJ9.wh_32YbS2UAxgVpUngZOOiiCzdGT8bmEtNXpYejKmpo
할아버지선물,o,4,쇼핑지름신,161,2026-04-11,https://cafe.naver.com/shopjirmsin/11198165?art=ZXh0ZXJuYWwtc2VydmljZS1uYXZlci1zZWFyY2gtY2FmZS1wcg.eyJhbGciOiJIUzI1NiIsInR5cCI6IkpXVCJ9.eyJjYWZlVHlwZSI6IkNBRkVfVVJMIiwiY2FmZVVybCI6InNob3BqaXJtc2luIiwiYXJ0aWNsZUlkIjoxMTE5ODE2NSwiaXNzdWVkQXQiOjE3ODE0MjgxNjMwMjR9.HCa6SAj0eOxKwF6YB-K370PX4g7-dLNGN68BN2ICD3c
말린생강,,,,,,
70대선물,,,,,,
남자친구부모님선물,,,,,,
키즈아연,,,,,,
고단백질음식,o,1,쇼핑지름신,483,2026-03-04,https://cafe.naver.com/shopjirmsin/11105632?art=ZXh0ZXJuYWwtc2VydmljZS1uYXZlci1zZWFyY2gtY2FmZS1wcg.eyJhbGciOiJIUzI1NiIsInR5cCI6IkpXVCJ9.eyJjYWZlVHlwZSI6IkNBRkVfVVJMIiwiY2FmZVVybCI6InNob3BqaXJtc2luIiwiYXJ0aWNsZUlkIjoxMTEwNTYzMiwiaXNzdWVkQXQiOjE3ODE0MjgxNzI1MTl9.jSJ1e9snF_zPURqMkLOBDvbzbqPaY9NTuUcTUqk5Qxw
녹용추천,,,,,,
할아버지생신선물,,,,,,
60대아빠선물,,,,,,
60대남자선물,,,,,,
천담온 흑염소진액,,,,,,
부모님인사선물,,,,,,
김오곤흑염소,,,,,,
블러드케어,,,,,,
둘째 임신,,,,,,
혈행개선영양제,,,,,,
시부모님선물,,,,,,
어린이아연,,,,,,
생강청효능,,,,,,
임산부멀티비타민,,,,,,
젤리스틱,,,,,,
천연종합비타민,o,2,샤넬오픈런,,,https://cafe.naver.com/shoppingtpw/279769?art=ZXh0ZXJuYWwtc2VydmljZS1uYXZlci1zZWFyY2gtY2FmZS1wcg.eyJhbGciOiJIUzI1NiIsInR5cCI6IkpXVCJ9.eyJjYWZlVHlwZSI6IkNBRkVfVVJMIiwiY2FmZVVybCI6InNob3BwaW5ndHB3IiwiYXJ0aWNsZUlkIjoyNzk3NjksImlzc3VlZEF0IjoxNzgxNDI4NTEyMzQwfQ.KdFyYOL00znwKeH5OgnIDOAdY5pAniNy-Tqtn9W4stE
아기아연,,,,,,
이노시톨영양제,,,,,,
80대할머니선물,,,,,,
임신준비선물,,,,,,
녹용가격,,,,,,
실론시나몬,,,,,,
대추가격,,,,,,
고등학생 영양제,,,,,,
고등학생영양제,,,,,,
50대아빠생일선물,,,,,,
40대선물,,,,,,
한방차,,,,,,
건강식품선물,,,,,,
50대여성선물,,,,,,
비타민B음식,o,2,쇼핑지름신,998,2026-03-04,https://cafe.naver.com/shopjirmsin/11105826?art=ZXh0ZXJuYWwtc2VydmljZS1uYXZlci1zZWFyY2gtY2FmZS1wcg.eyJhbGciOiJIUzI1NiIsInR5cCI6IkpXVCJ9.eyJjYWZlVHlwZSI6IkNBRkVfVVJMIiwiY2FmZVVybCI6InNob3BqaXJtc2luIiwiYXJ0aWNsZUlkIjoxMTEwNTgyNiwiaXNzdWVkQXQiOjE3ODE0Mjg5NjYxMDF9.pUYCqM0eehUmTG-EyuTdDgXAjKFPkT7QvfGXy80qVJs
퀘르세틴브로멜라인,,,,,,
수험생비타민,,,,,,
흑염소진액 추천,,,,,,
먹는알로에,,,,,,
할머니선물추천,,,,,,
아버님생신선물,,,,,,
코스트코오메가3,,,,,,
셀레늄음식,,,,,,
초등학생 영양제,,,,,,
50대생일선물,,,,,,
장어즙효능,,,,,,
중학생 영양제,,,,,,
보양식추천,,,,,,
중학생영양제,,,,,,
60대남자생일선물,o,2,쇼핑지름신,,,https://cafe.naver.com/shopjirmsin/11242003?art=ZXh0ZXJuYWwtc2VydmljZS1uYXZlci1zZWFyY2gtY2FmZS1wcg.eyJhbGciOiJIUzI1NiIsInR5cCI6IkpXVCJ9.eyJjYWZlVHlwZSI6IkNBRkVfVVJMIiwiY2FmZVVybCI6InNob3BqaXJtc2luIiwiYXJ0aWNsZUlkIjoxMTI0MjAwMywiaXNzdWVkQXQiOjE3ODE0Mjk0ODAyODF9.U_HvTwc7ttwuZ_fHleE4tdLM5RQFDmzz0yB49TSTVAQ
이노시톨추천,,,,,,
수제쌍화차,,,,,,
혈행케어,,,,,,
피로회복 음료,,,,,,
피로회복에좋은음식,o,8,샤넬오픈런,,,https://cafe.naver.com/shoppingtpw/282544?art=ZXh0ZXJuYWwtc2VydmljZS1uYXZlci1zZWFyY2gtY2FmZS1wcg.eyJhbGciOiJIUzI1NiIsInR5cCI6IkpXVCJ9.eyJjYWZlVHlwZSI6IkNBRkVfVVJMIiwiY2FmZVVybCI6InNob3BwaW5ndHB3IiwiYXJ0aWNsZUlkIjoyODI1NDQsImlzc3VlZEF0IjoxNzgxNDI5NjEwODA4fQ.l73hkbluy55xL6BF433jxZp-19SD3rtRiKDI9dUrLtg
시나몬차,,,,,,
한살림흑염소,,,,,,
셀레늄영양제,,,,,,
활성엽산추천,,,,,,
대추생강차효능,o,3,쇼핑지름신,,,https://cafe.naver.com/shopjirmsin/9712601?art=ZXh0ZXJuYWwtc2VydmljZS1uYXZlci1zZWFyY2gtY2FmZS1wcg.eyJhbGciOiJIUzI1NiIsInR5cCI6IkpXVCJ9.eyJjYWZlVHlwZSI6IkNBRkVfVVJMIiwiY2FmZVVybCI6InNob3BqaXJtc2luIiwiYXJ0aWNsZUlkIjo5NzEyNjAxLCJpc3N1ZWRBdCI6MTc4MTQyOTc0MTA5MH0.0wSjaKqQKCrYxakXAEBwNTSE34uMHntJYfFfYvHVHPA
비타민D츄어블,,,,,,
도라지생강차,,,,,,
아연많은음식,,,,,,
아연이많은음식,,,,,,
홍삼즙,,,,,,
얼굴살찌는법,,,,,,
노인영양제,,,,,,
출산후선물,,,,,,
어린이 면역력 영양제,,,,,,
겨울보양식,o,1,건강관리소,11,2026-03-04,https://cafe.naver.com/minemh/547?art=ZXh0ZXJuYWwtc2VydmljZS1uYXZlci1zZWFyY2gtY2FmZS1wcg.eyJhbGciOiJIUzI1NiIsInR5cCI6IkpXVCJ9.eyJjYWZlVHlwZSI6IkNBRkVfVVJMIiwiY2FmZVVybCI6Im1pbmVtaCIsImFydGljbGVJZCI6NTQ3LCJpc3N1ZWRBdCI6MTc4MTQyOTc3ODk0MX0.9I-P2HbiXugSYJG9SZoK_ImeCn161Oqwb0BRMzTImOk
다낭성이노시톨,,,,,,
원기회복음식,,,,,,
몸보신메뉴,,,,,,
할머니생신선물,,,,,,
녹용흑염소,,,,,,
계피생강차,,,,,,
계피스틱,,,,,,
생강계피차,,,,,,
40대 남편 생일선물,,,,,,
청소년종합비타민,o,3,샤넬오픈런,,,https://cafe.naver.com/shoppingtpw/283668?art=ZXh0ZXJuYWwtc2VydmljZS1uYXZlci1zZWFyY2gtY2FmZS1wcg.eyJhbGciOiJIUzI1NiIsInR5cCI6IkpXVCJ9.eyJjYWZlVHlwZSI6IkNBRkVfVVJMIiwiY2FmZVVybCI6InNob3BwaW5ndHB3IiwiYXJ0aWNsZUlkIjoyODM2NjgsImlzc3VlZEF0IjoxNzgxNDMwMDE3NDcxfQ.kT_xlKKp50T4fA2rhzpY_fATiqyZnjMs45tbM0t3flI
이뮨젤리,,,,,,
몸에좋은음식,,,,,,
산모에게좋은과일,,,,,,
블랙마카추천,,,,,,
염소가격,,,,,,
활성엽산,,,,,,
장인어른 생신선물,,,,,,
겨울철보양식,o,1,샤넬오픈런,,,https://cafe.naver.com/shoppingtpw/279776?art=ZXh0ZXJuYWwtc2VydmljZS1uYXZlci1zZWFyY2gtY2FmZS1wcg.eyJhbGciOiJIUzI1NiIsInR5cCI6IkpXVCJ9.eyJjYWZlVHlwZSI6IkNBRkVfVVJMIiwiY2FmZVVybCI6InNob3BwaW5ndHB3IiwiYXJ0aWNsZUlkIjoyNzk3NzYsImlzc3VlZEF0IjoxNzgxNDMwMDI5MzY1fQ.u6_gBXakKYcMQ8TUU0Lh5mw3C9IziheYjrIPxz75ojE
장인어른생신선물,,,,,,
활성엽산800,,,,,,
남편결혼기념일선물,,,,,,
몸을따뜻하게하는음식,o,1 | 2,쇼핑지름신 | 샤넬오픈런,228,2026-04-25,https://cafe.naver.com/shopjirmsin/11232915?art=ZXh0ZXJuYWwtc2VydmljZS1uYXZlci1zZWFyY2gtY2FmZS1wcg.eyJhbGciOiJIUzI1NiIsInR5cCI6IkpXVCJ9.eyJjYWZlVHlwZSI6IkNBRkVfVVJMIiwiY2FmZVVybCI6InNob3BqaXJtc2luIiwiYXJ0aWNsZUlkIjoxMTIzMjkxNSwiaXNzdWVkQXQiOjE3ODE0MzAwMzYwNDB9.sNEfOLckBQ9W6xLMaEd58p68tYjUsfYhhqu3gK-ZIXY | https://cafe.naver.com/shoppingtpw/281349?art=ZXh0ZXJuYWwtc2VydmljZS1uYXZlci1zZWFyY2gtY2FmZS1wcg.eyJhbGciOiJIUzI1NiIsInR5cCI6IkpXVCJ9.eyJjYWZlVHlwZSI6IkNBRkVfVVJMIiwiY2FmZVVybCI6InNob3BwaW5ndHB3IiwiYXJ0aWNsZUlkIjoyODEzNDksImlzc3VlZEF0IjoxNzgxNDMwMDM2MDQwfQ.5TlE36BNly8W8KIrXPU8fjn28z_B9RactYeSNcKBf1w
계피차효능,,,,,,
60대아버지생신선물,,,,,,
남자아연,o,3,샤넬오픈런,,,https://cafe.naver.com/shoppingtpw/279343?art=ZXh0ZXJuYWwtc2VydmljZS1uYXZlci1zZWFyY2gtY2FmZS1wcg.eyJhbGciOiJIUzI1NiIsInR5cCI6IkpXVCJ9.eyJjYWZlVHlwZSI6IkNBRkVfVVJMIiwiY2FmZVVybCI6InNob3BwaW5ndHB3IiwiYXJ0aWNsZUlkIjoyNzkzNDMsImlzc3VlZEF0IjoxNzgxNDMwMDQxMzQyfQ.1ft6Cjpt0yRYMFR4lRGFjixjdH-PIP_86PsqRHdW-bg
출산후 좋은 음식,o,1 | 2,쇼핑지름신 | 샤넬오픈런,305,2026-03-09,https://cafe.naver.com/shopjirmsin/11117864?art=ZXh0ZXJuYWwtc2VydmljZS1uYXZlci1zZWFyY2gtY2FmZS1wcg.eyJhbGciOiJIUzI1NiIsInR5cCI6IkpXVCJ9.eyJjYWZlVHlwZSI6IkNBRkVfVVJMIiwiY2FmZVVybCI6InNob3BqaXJtc2luIiwiYXJ0aWNsZUlkIjoxMTExNzg2NCwiaXNzdWVkQXQiOjE3ODE0MzAwNDMyOTN9.e763v8GOPs7E9LDm8A2MEmY9OYBKbpBLuly-p4HwXn8 | https://cafe.naver.com/shoppingtpw/292578?art=ZXh0ZXJuYWwtc2VydmljZS1uYXZlci1zZWFyY2gtY2FmZS1wcg.eyJhbGciOiJIUzI1NiIsInR5cCI6IkpXVCJ9.eyJjYWZlVHlwZSI6IkNBRkVfVVJMIiwiY2FmZVVybCI6InNob3BwaW5ndHB3IiwiYXJ0aWNsZUlkIjoyOTI1NzgsImlzc3VlZEF0IjoxNzgxNDMwMDQzMjkzfQ.ZSQZxzt6f0herVphpwCapXz86y4iNCXjtZkLedyaScY
모유수유좋은음식,,,,,,
생강레몬차,,,,,,
엽산추천,,,,,,
활성엽산400,,,,,,
60대선물,,,,,,
토종흑염소진액,,,,,,
수험생선물,,,,,,
60대엄마선물,,,,,,
기력회복음식,,,,,,
대추생강차,,,,,,
마시는샐러드,,,,,,
생강대추차,,,,,,
40대엄마생일선물,o,2,샤넬오픈런,,,https://cafe.naver.com/shoppingtpw/281788?art=ZXh0ZXJuYWwtc2VydmljZS1uYXZlci1zZWFyY2gtY2FmZS1wcg.eyJhbGciOiJIUzI1NiIsInR5cCI6IkpXVCJ9.eyJjYWZlVHlwZSI6IkNBRkVfVVJMIiwiY2FmZVVybCI6InNob3BwaW5ndHB3IiwiYXJ0aWNsZUlkIjoyODE3ODgsImlzc3VlZEF0IjoxNzgxNDMwMDY1MTg0fQ.AJ8qTrwFuT_gNf4Xp5hxe5MJA9oNo9iabTR5FfsZ7J0
생칡즙,,,,,,
출산산모선물,,,,,,
출산후산모선물,,,,,,
산모출산선물,,,,,,
쌍화탕재료,,,,,,
여자친구부모님첫인사선물,,,,,,
아내출산선물,,,,,,
작약차,,,,,,
남자엽산,,,,,,
도라지생강청,,,,,,
쌍화차재료,o,1,쇼핑지름신,680,2026-02-27,https://cafe.naver.com/shopjirmsin/11093182?art=ZXh0ZXJuYWwtc2VydmljZS1uYXZlci1zZWFyY2gtY2FmZS1wcg.eyJhbGciOiJIUzI1NiIsInR5cCI6IkpXVCJ9.eyJjYWZlVHlwZSI6IkNBRkVfVVJMIiwiY2FmZVVybCI6InNob3BqaXJtc2luIiwiYXJ0aWNsZUlkIjoxMTA5MzE4MiwiaXNzdWVkQXQiOjE3ODE0MzAwODMyOTZ9.7kG5rDH262FHtjAZhiaVRuG0ECMYdUEAtBnl2GeDqBE
생강차스틱,,,,,,
산모에게 좋은 음식,o,1,쇼핑지름신,467,2026-03-21,https://cafe.naver.com/shopjirmsin/11146281?art=ZXh0ZXJuYWwtc2VydmljZS1uYXZlci1zZWFyY2gtY2FmZS1wcg.eyJhbGciOiJIUzI1NiIsInR5cCI6IkpXVCJ9.eyJjYWZlVHlwZSI6IkNBRkVfVVJMIiwiY2FmZVVybCI6InNob3BqaXJtc2luIiwiYXJ0aWNsZUlkIjoxMTE0NjI4MSwiaXNzdWVkQXQiOjE3ODE0MzAwODcxNjN9.bmm_Wl88cdiLbEfz2KMdgvOFWzPanlY0IyToLCXLBjE
엽산800,,,,,,
산후조리 음식,o,1 | 7,쇼핑지름신 | 샤넬오픈런,90,2026-03-05,https://cafe.naver.com/shopjirmsin/11108751?art=ZXh0ZXJuYWwtc2VydmljZS1uYXZlci1zZWFyY2gtY2FmZS1wcg.eyJhbGciOiJIUzI1NiIsInR5cCI6IkpXVCJ9.eyJjYWZlVHlwZSI6IkNBRkVfVVJMIiwiY2FmZVVybCI6InNob3BqaXJtc2luIiwiYXJ0aWNsZUlkIjoxMTEwODc1MSwiaXNzdWVkQXQiOjE3ODE0MzAwOTEwMTl9.FQkSR3P51wWDha5HoUvk86ag1Yty0JZ0rOrMtZI6k-k | https://cafe.naver.com/shoppingtpw/279783?art=ZXh0ZXJuYWwtc2VydmljZS1uYXZlci1zZWFyY2gtY2FmZS1wcg.eyJhbGciOiJIUzI1NiIsInR5cCI6IkpXVCJ9.eyJjYWZlVHlwZSI6IkNBRkVfVVJMIiwiY2FmZVVybCI6InNob3BwaW5ndHB3IiwiYXJ0aWNsZUlkIjoyNzk3ODMsImlzc3VlZEF0IjoxNzgxNDMwMDkxMDE5fQ.e11hBqcH-93jbmSKD1L2wtRijxa1F1PFkpwthsEOBOs
기력회복에 좋은 음식,o,5,쇼핑지름신,174,2026-02-27,https://cafe.naver.com/shopjirmsin/11093717?art=ZXh0ZXJuYWwtc2VydmljZS1uYXZlci1zZWFyY2gtY2FmZS1wcg.eyJhbGciOiJIUzI1NiIsInR5cCI6IkpXVCJ9.eyJjYWZlVHlwZSI6IkNBRkVfVVJMIiwiY2FmZVVybCI6InNob3BqaXJtc2luIiwiYXJ0aWNsZUlkIjoxMTA5MzcxNywiaXNzdWVkQXQiOjE3ODE0MzAwOTMxMTV9.Sk53CC2ep3UkDMg3FWCaIdNMG-DSO9oHMlUPTLP8NKA
기력회복에좋은음식,o,5,쇼핑지름신,174,2026-02-27,https://cafe.naver.com/shopjirmsin/11093717?art=ZXh0ZXJuYWwtc2VydmljZS1uYXZlci1zZWFyY2gtY2FmZS1wcg.eyJhbGciOiJIUzI1NiIsInR5cCI6IkpXVCJ9.eyJjYWZlVHlwZSI6IkNBRkVfVVJMIiwiY2FmZVVybCI6InNob3BqaXJtc2luIiwiYXJ0aWNsZUlkIjoxMTA5MzcxNywiaXNzdWVkQXQiOjE3ODE0MzAwOTUyNzJ9.St-GTEn0n7cjZwsjnY4ZLXK65a693PYDwh7PJwUMuzg
몸을따뜻하게하는차,o,2,쇼핑지름신,228,2026-04-25,https://cafe.naver.com/shopjirmsin/11232915?art=ZXh0ZXJuYWwtc2VydmljZS1uYXZlci1zZWFyY2gtY2FmZS1wcg.eyJhbGciOiJIUzI1NiIsInR5cCI6IkpXVCJ9.eyJjYWZlVHlwZSI6IkNBRkVfVVJMIiwiY2FmZVVybCI6InNob3BqaXJtc2luIiwiYXJ0aWNsZUlkIjoxMTIzMjkxNSwiaXNzdWVkQXQiOjE3ODE0MzAwOTcxNTJ9.qdCN7oenMmE1Jyow-yS5i07eemCedlNd8U1BctSq87Y
생강쌍화,,,,,,
유기농레몬생강즙,,,,,,
건강강,,,,,,
울릉도흑염소,o,1,샤넬오픈런,,,https://cafe.naver.com/shoppingtpw/283926?art=ZXh0ZXJuYWwtc2VydmljZS1uYXZlci1zZWFyY2gtY2FmZS1wcg.eyJhbGciOiJIUzI1NiIsInR5cCI6IkpXVCJ9.eyJjYWZlVHlwZSI6IkNBRkVfVVJMIiwiY2FmZVVybCI6InNob3BwaW5ndHB3IiwiYXJ0aWNsZUlkIjoyODM5MjYsImlzc3VlZEF0IjoxNzgxNDI5OTY4MzI5fQ._3tvFEDOrLF6aBnTHAGm79mtJ5sbJqcB-tSAKNlco9Y
마가목흑염소,,,,,,
홍성호흑염소,,,,,,
울릉도마가목흑염소,,,,,,
계류유산 후 몸조리,o,1,샤넬오픈런,2026-06-15,https://cafe.naver.com/ca-fe/cafes/25460974/articles/310211,
계류유산 후 부부관계,o,1,샤넬오픈런,2026-06-15,https://cafe.naver.com/ca-fe/cafes/25460974/articles/310210,
부부 염색체 검사 비용,o,1,샤넬오픈런,2026-06-15,https://cafe.naver.com/ca-fe/cafes/25460974/articles/310198,
습관성 유산 검사,o,1,샤넬오픈런,2026-06-15,https://cafe.naver.com/ca-fe/cafes/25460974/articles/310185,
자궁근종 임신,o,1,샤넬오픈런,2026-06-15,https://cafe.naver.com/ca-fe/cafes/25460974/articles/310175,